hash,params,ops_on_tpu,ops_on_cpu,onchip_used_bytes,offchip_streamed_bytes,mapped,status
01255ccfd5c249c23e59b1125d370908,2615080,,,3271557,0,PARTIAL,partial_999_cpu_ops
012deff52786819c4b8ca442cc075ac9,4896138,,,4980736,0,PARTIAL,partial_999_cpu_ops
013a977ba88a7972bed8f40b51051eb9,5775242,,,5872025,0,PARTIAL,partial_999_cpu_ops
014722f96dcbf25ec351a10bc88871bc,2593855,,,3271557,0,PARTIAL,partial_999_cpu_ops
016a8156059966556e79d93d1c1ace0a,2800487,,,3491758,0,PARTIAL,partial_999_cpu_ops
016dcad6f7847b83fa79dc0231d5a6d5,3410512,,,4246732,0,PARTIAL,partial_999_cpu_ops
01b1828b5dca8f8444035094ec798c70,11231626,,,7864320,3428843,PARTIAL,partial_999_cpu_ops
01b6443af4ae121be7e33e9abd7f1daa,12989834,,,7853834,5221908,PARTIAL,partial_999_cpu_ops
01e08d5b229c39f1b9d53ed89690c0fe,31754634,,,7906263,23959961,PARTIAL,partial_999_cpu_ops
0201c8e043beffa4a4f4ddcb55fc0876,5104266,,,5148508,0,PARTIAL,partial_999_cpu_ops
0213ed65ad672eea518d0a12474f2c95,6686346,,,6752829,0,PARTIAL,partial_999_cpu_ops
0231bc51007e5e3ad54127eef319e4c0,3697575,,,4613734,0,PARTIAL,partial_999_cpu_ops
02c17e732f082022a8bba0a62c6519a0,13153674,,,7864320,5368709,PARTIAL,partial_999_cpu_ops
031c1f0c8c25ed2705bfb80539a6b602,3479434,,,3533701,0,PARTIAL,partial_999_cpu_ops
03285238b082a745991a143294b28878,1870892,,,2359296,0,PARTIAL,partial_999_cpu_ops
035fafd24973204e35ccb92ad464a20c,5104266,,,5148508,0,PARTIAL,partial_999_cpu_ops
0392e8a0e2939ec313ca5c4ca0492312,1978762,,,2118123,0,PARTIAL,partial_999_cpu_ops
03b9809587069dbdac357e57b8ff0976,3742858,,,3795845,0,PARTIAL,partial_999_cpu_ops
03c0143660099a77958ebe78355f2044,3365952,,,5064622,0,PARTIAL,partial_999_cpu_ops
03d84046b0ce567b2b59e85903aa2f5f,6422922,,,6480199,0,PARTIAL,partial_999_cpu_ops
0404382a6b008f0313713a0adf913655,31590794,,,7969177,23718789,PARTIAL,partial_999_cpu_ops
040f0b5b968c899f85671d96eeb43c10,11231626,,,7790919,3502243,PARTIAL,partial_999_cpu_ops
043721b9c7fe8c5fad811d47d83132ec,888202,,,928768,0,PARTIAL,partial_999_cpu_ops
04a50cabdbd9327c5a9cd2426e95fc9f,1591178,,,1646264,0,PARTIAL,partial_999_cpu_ops
05437333d52f605fd717faa8bf950542,20532106,,,7969177,12635340,PARTIAL,partial_999_cpu_ops
056315d7cf3e923b7c183ed40921722d,8135050,,,8032092,166400,PARTIAL,partial_999_cpu_ops
05932f264e5efffbbc8ec56d786d930f,20532106,,,7853834,12750684,PARTIAL,partial_999_cpu_ops
05da7d72a9bd37624c59ecc2a3dfc38f,13317514,,,7906263,5494538,PARTIAL,partial_999_cpu_ops
0613b92e3d1d46b3d29fcf00d44072c6,12274570,,,7895777,4445962,PARTIAL,partial_999_cpu_ops
0648c8fbdf36f125c1f0580e5a713f5a,7695498,,,7748976,0,PARTIAL,partial_999_cpu_ops
0654ed6d7181262f3d079ce95db83fb7,4709258,,,4781506,0,PARTIAL,partial_999_cpu_ops
06648f11e4c7ba76457d113f0d3501e1,13153674,,,7864320,5368709,PARTIAL,partial_999_cpu_ops
076175c02ee6af358f26fc51a966a1bd,712074,,,752640,0,PARTIAL,partial_999_cpu_ops
0789c1b90c28464af3c753f95b28613d,538894,,,707840,0,PARTIAL,partial_999_cpu_ops
083ee66bbaafd65732757ced69e68dc5,4182410,,,4246732,0,PARTIAL,partial_999_cpu_ops
08677281806ea9c8ea2451ce3093e9c3,888202,,,928768,0,PARTIAL,partial_999_cpu_ops
08f1aa9d78d7a077b3691e61b60cc315,7861130,,,7979663,0,PARTIAL,partial_999_cpu_ops
0934382716064e95d27691330b30253c,5104266,,,5148508,0,PARTIAL,partial_999_cpu_ops
093c374abde96ff2195a516ed51d8930,1978762,,,2118123,0,PARTIAL,partial_999_cpu_ops
0970f440a3f00ae09ecdb6f5d27540e3,7871626,,,7906263,23040,PARTIAL,partial_999_cpu_ops
09cc2e6a3bb766ba617fa99236c5ff4f,21411210,,,7790919,13704888,PARTIAL,partial_999_cpu_ops
09fc2d10bdd6225e167a6f81a22a3f06,2810250,,,2873098,0,PARTIAL,partial_999_cpu_ops
0a3bcce1bdb5ad9e9809e6dae4ef451d,3479434,,,3533701,0,PARTIAL,partial_999_cpu_ops
0a717117beece9157e67f6eb75517763,2205322,,,2275409,0,PARTIAL,partial_999_cpu_ops
0a8388379b342a251a517c221111ac11,7871626,,,7906263,23040,PARTIAL,partial_999_cpu_ops
0aa38cacf8f33fe81fe44d932636e9f2,8398474,,,8032092,434688,PARTIAL,partial_999_cpu_ops
0ace73d4e8bea738c3d1acdf72de0c3a,31426954,,,7864320,23666360,PARTIAL,partial_999_cpu_ops
0b08e23e6e8b9337416ee884a50d577a,946570,,,1036288,0,PARTIAL,partial_999_cpu_ops
0b192a7077200e1888810a75d49754f3,4182410,,,4246732,0,PARTIAL,partial_999_cpu_ops
0b311d4cc1e30b4e6643be185f501b28,12110730,,,7790919,4393533,PARTIAL,partial_999_cpu_ops
0b4c894ca3edffb49c77ea258aa3f72e,6510218,,,6574571,0,PARTIAL,partial_999_cpu_ops
0b6b76b6f2150440bf717d660b3fd567,2030730,,,2086666,0,PARTIAL,partial_999_cpu_ops
0bc81d0ab8d29c89e00e8795ea66bcad,14196618,,,7864320,6427770,PARTIAL,partial_999_cpu_ops
0c7938a14731a85d2fd0aca298eda074,12110730,,,7864320,4320133,PARTIAL,partial_999_cpu_ops
0c89700597ad3662c85d1a1457ca94c2,7432074,,,7486832,0,PARTIAL,partial_999_cpu_ops
0cc9426bf35e6e110d77bb8fbca177ba,10188682,,,7790919,2453667,PARTIAL,partial_999_cpu_ops
0cd5aff4e3f44ec7fd0cdea0b25cbcc5,6070666,,,6134169,0,PARTIAL,partial_999_cpu_ops
0d3c0ce16a90c0d50618769f2547c8f2,20368266,,,8021606,12415139,PARTIAL,partial_999_cpu_ops
0d90a5d14d815418d08a5a53d9f0bad2,4521276,,,6490685,0,PARTIAL,partial_999_cpu_ops
0da761dba61a8ddaa4458e24c94abffc,2776458,,,2820669,0,PARTIAL,partial_999_cpu_ops
0dee31cc5fa22a286f00a90c2dc8f8ee,19489162,,,7853834,11691622,PARTIAL,partial_999_cpu_ops
0e1593a94de5bc5e0ebff96ebe4e7304,16118666,,,7969177,8262778,PARTIAL,partial_999_cpu_ops
0e29b0f85d696cc300af5b65c7ea264d,31754634,,,7895777,23959961,PARTIAL,partial_999_cpu_ops
0e31775732548b0c90d80a6bd2f9154d,10023306,,,8032092,2055208,PARTIAL,partial_999_cpu_ops
0e46dc003e269edef361afacbb1dfec7,2151197,,,2726297,0,PARTIAL,partial_999_cpu_ops
0ea046bd83ad24242aa4e1ed1090a073,11067786,,,7853834,3271557,PARTIAL,partial_999_cpu_ops
0ed8f83666e1fb7f79ca02bdde890d2d,1013770,,,1111490,0,PARTIAL,partial_999_cpu_ops
0ee493fe7bb618a0ae642840558f62a0,1767306,,,1814036,0,PARTIAL,partial_999_cpu_ops
110619da4fafebfc831b21d26343a230,1578289,,,1992294,0,PARTIAL,partial_999_cpu_ops
115c3dfab6fd1231dd465ca5a0d5b507,3303306,,,3355443,0,PARTIAL,partial_999_cpu_ops
11ce5773627a6bc429030308a0a119ff,5543818,,,5599395,0,PARTIAL,partial_999_cpu_ops
11f2e9e8dbc0f211fde593054d04225a,31754634,,,7969177,23886561,PARTIAL,partial_999_cpu_ops
126ea449e5bc5ea4428d138c5c5ff41d,3525514,,,3596615,0,PARTIAL,partial_999_cpu_ops
1285fc826d8c65dc92f132f21565d83e,38090122,,,7895777,30272389,PARTIAL,partial_999_cpu_ops
12f87ffb6565d759e00d7536ae4b5200,5543818,,,5599395,0,PARTIAL,partial_999_cpu_ops
1301d79cd7922fa516eea152b69b1aca,2664111,,,3334471,0,PARTIAL,partial_999_cpu_ops
139eaf391eac2a81db1f8c2c773217bf,3031497,,,3785359,0,PARTIAL,partial_999_cpu_ops
13e677d747f01fcad4c15aa4b6d86c96,6862474,,,6931087,0,PARTIAL,partial_999_cpu_ops
1484414f42c86d8c9715aea5385d6725,6862474,,,6931087,0,PARTIAL,partial_999_cpu_ops
1499a73e3b84789ad556ca8303455065,24376202,,,7906263,16588472,PARTIAL,partial_999_cpu_ops
15392df31d78737912a7fb12485d4cd6,2974090,,,3040870,0,PARTIAL,partial_999_cpu_ops
1583dcc40be576ec7008f126e6e81512,5775242,,,5872025,0,PARTIAL,partial_999_cpu_ops
1596fd1ef512a1f2e0d53a5f56881d8c,3918986,,,3974103,0,PARTIAL,partial_999_cpu_ops
15ab0e32f80a8c849f3059558d6870ef,12989834,,,7864320,5211422,PARTIAL,partial_999_cpu_ops
15cb16810ae9474dee310a1eb9328967,3071395,,,3858759,0,PARTIAL,partial_999_cpu_ops
16145ce8a1a7ec9c0cc956d794267763,3487287,,,5211422,0,PARTIAL,partial_999_cpu_ops
16225523801005dd8ea21f1ef27c0310,13868938,,,7864320,6102712,PARTIAL,partial_999_cpu_ops
167e7c85c4a65b87b0fd985096f55495,22290314,,,7864320,14522777,PARTIAL,partial_999_cpu_ops
168e95938db8e7c52112e58c0f292079,1415050,,,1468006,0,PARTIAL,partial_999_cpu_ops
16a0f01729c0044e29933500d3355681,6070666,,,6134169,0,PARTIAL,partial_999_cpu_ops
17231e3e4bdb695ba7f4938fe4bb313f,1300746,,,1415577,0,PARTIAL,partial_999_cpu_ops
173b06d79e4c725a3c7bb7d2d1a05177,2794695,,,3491758,0,PARTIAL,partial_999_cpu_ops
174c06f72389faa51a6b8153b87fd380,12989834,,,7790919,5284823,PARTIAL,partial_999_cpu_ops
178a4448e12d9f02821df3b4993a5897,22454154,,,7906263,14648606,PARTIAL,partial_999_cpu_ops
17fd2abaf102f70113324aa2e536f8c4,1978038,,,2506096,0,PARTIAL,partial_999_cpu_ops
1861cea8716fd7bebbd36446e7c95ea5,5807242,,,5861539,0,PARTIAL,partial_999_cpu_ops
1864812c899522d96a54dec5a4625e45,1749642,,,1887436,0,PARTIAL,partial_999_cpu_ops
18717f525fd1554aea7a0ec9907b633a,1740447,,,2202009,0,PARTIAL,partial_999_cpu_ops
188ca2126f2621e2f367864d15117356,5807242,,,5861539,0,PARTIAL,partial_999_cpu_ops
18e7e3d39b5b57052ca70818bd8382e4,20532106,,,7969177,12635340,PARTIAL,partial_999_cpu_ops
18f0bea6e38607c88b03a8b2ba7bcc8e,4017034,,,4089446,0,PARTIAL,partial_999_cpu_ops
19a7627b5a32093b415f7837ab27e5cd,3365427,,,5064622,0,PARTIAL,partial_999_cpu_ops
1a23d766bc88a66c08a77daa62511899,11946890,,,7864320,4152360,PARTIAL,partial_999_cpu_ops
1a2c54fe9e8c032f910a50333346e317,1458454,,,1835008,0,PARTIAL,partial_999_cpu_ops
1ae5551b973f460743db65219af7898c,12110730,,,7895777,4288675,PARTIAL,partial_999_cpu_ops
1afab1094896c3d6eee4534861682aea,3534199,,,4404019,0,PARTIAL,partial_999_cpu_ops
1afd00395ec69ed9f63948e25b6b3fe9,3039882,,,3082813,0,PARTIAL,partial_999_cpu_ops
1b52eedea10c86e566841c87ddfe4125,2619709,,,3271557,0,PARTIAL,partial_999_cpu_ops
1b907c229ed015b3f2ef1a17ed706709,6070666,,,6134169,0,PARTIAL,partial_999_cpu_ops
1c14688f9132dec0c53d90f9480c8527,3014829,,,3785359,0,PARTIAL,partial_999_cpu_ops
1c5e924cca660d3ff445a2f34da5e7d9,3704544,,,4613734,0,PARTIAL,partial_999_cpu_ops
1ca7a0759b04e3e871b9391849ff5914,2776458,,,2820669,0,PARTIAL,partial_999_cpu_ops
1d32ff28746ec3f856ff5b2103ff8c87,10199434,,,8032092,2233466,PARTIAL,partial_999_cpu_ops
1d51417872db404b98002772ce6918ef,12274570,,,7969177,4372561,PARTIAL,partial_999_cpu_ops
1dc1e82eea097075a9e046d10b419a42,14032778,,,7969177,6155141,PARTIAL,partial_999_cpu_ops
1dc4b0379b65b432b148aeed88fc6504,2857003,,,4445962,0,PARTIAL,partial_999_cpu_ops
1e174f53f1f1ab7f67f3117c88f06469,31590794,,,7790919,23907532,PARTIAL,partial_999_cpu_ops
1e3dad61a43e8ea069745069f68062e3,7432074,,,7486832,0,PARTIAL,partial_999_cpu_ops
1e7a78da6c7fdcd80c785c167a962a25,6334090,,,6396313,0,PARTIAL,partial_999_cpu_ops
1eac8b63b3ed0ebddd37682e7d2b30d4,4006282,,,4068474,0,PARTIAL,partial_999_cpu_ops
1ec8f6c2cee11678ee2390c9a260756d,5631114,,,5683281,0,PARTIAL,partial_999_cpu_ops
1ecb5011982f7afbbe77f62781d9890a,22126474,,,8032092,14187233,PARTIAL,partial_999_cpu_ops
1eedce0cf2d0b9e046f262a7348bd5a4,1941898,,,2002780,0,PARTIAL,partial_999_cpu_ops
1eeeb1ba375ad89b28edc6e8b86d2b95,5367690,,,5421137,0,PARTIAL,partial_999_cpu_ops
1f5dd39f87696e1919815c0f2bfe69fc,14360458,,,7969177,6480199,PARTIAL,partial_999_cpu_ops
1f7d9e17259b6fbd22a3f062aee0707f,23333258,,,7864320,15571353,PARTIAL,partial_999_cpu_ops
1f941406ab56a639aa09655485551228,1007260,,,1289748,0,PARTIAL,partial_999_cpu_ops
1fe74490deafa6dc78260f94be11881d,22290314,,,7853834,14533263,PARTIAL,partial_999_cpu_ops
20259ceb22b0ddbdc2fa770958593602,1757765,,,2202009,0,PARTIAL,partial_999_cpu_ops
20eb3079cc47b71a42078650fef10acb,6686346,,,6752829,0,PARTIAL,partial_999_cpu_ops
2105e2560b24d9f593f378f60564da62,1813801,,,2285895,0,PARTIAL,partial_999_cpu_ops
21441e79b8e2987920db18e3db6dbe26,6773642,,,6847201,0,PARTIAL,partial_999_cpu_ops
2149da2d47575fcb253d4999f2b5e97c,12825994,,,7790919,5117050,PARTIAL,partial_999_cpu_ops
216b95c163d04dd694c711adfcb33a2f,1415050,,,1468006,0,PARTIAL,partial_999_cpu_ops
21ba5b8c49bac5132d4b27d0a52309e9,4621962,,,4687134,0,PARTIAL,partial_999_cpu_ops
21fc7949ccbefbbaaa879490155fce24,5543818,,,5599395,0,PARTIAL,partial_999_cpu_ops
2287179716f9f737509e545a72935d73,14196618,,,7969177,6322913,PARTIAL,partial_999_cpu_ops
229ad37fca0db5be24bfcce9cb434885,12110730,,,8032092,4152360,PARTIAL,partial_999_cpu_ops
23210bc67e4905db94d53ca2faa94683,6818186,,,6920601,0,PARTIAL,partial_999_cpu_ops
232b900e952d86a83b0ff85c0a22cca0,12110730,,,7906263,4278190,PARTIAL,partial_999_cpu_ops
2353fb48bc457d282a97ca0952fe81cc,30547850,,,7864320,22775070,PARTIAL,partial_999_cpu_ops
23c627ab1005986bc302013e636f74b7,12274570,,,7969177,4372561,PARTIAL,partial_999_cpu_ops
23d302b91df3ec80c544842601aa257e,422188,,,557312,0,PARTIAL,partial_999_cpu_ops
23f8555ecc00f016e990ecc73ea974b7,6686346,,,6752829,0,PARTIAL,partial_999_cpu_ops
243037e12607b17d7f6704fcee4054af,1327754,,,1373634,0,PARTIAL,partial_999_cpu_ops
246b7cbd9e3cf0a489eaf9c4a1da7259,15075722,,,7864320,7319060,PARTIAL,partial_999_cpu_ops
24a787a1d9370b2a4774f02d5ec9c4d3,3830154,,,3890216,0,PARTIAL,partial_999_cpu_ops
24c4c721360d64daac9dd571817d6f6b,3742858,,,3795845,0,PARTIAL,partial_999_cpu_ops
25096dc2986f9bd17a2d1ec37f88cfdf,15075722,,,8032092,7151288,PARTIAL,partial_999_cpu_ops
250c5f63f0a4a985e704c8b6b34fd6ef,8750730,,,7906263,912896,PARTIAL,partial_999_cpu_ops
254b3c11e4f6b7efff630810abcfb911,830972,,,1080033,0,PARTIAL,partial_999_cpu_ops
2570684e6c93beef23eba988fc127e25,12110730,,,7864320,4320133,PARTIAL,partial_999_cpu_ops
257bbcabebeac5cf4a05d90f7c40e153,8574602,,,8032092,610304,PARTIAL,partial_999_cpu_ops
25a0e9ef34153e7ebbc2859b240a8aa4,3689354,,,3764387,0,PARTIAL,partial_999_cpu_ops
25b8b63322b04bdb25b851c263b2dc42,6070666,,,6134169,0,PARTIAL,partial_999_cpu_ops
25f9518d1d78d0afa6973598504514c1,3303306,,,3355443,0,PARTIAL,partial_999_cpu_ops
2606681fe3610e3e4daf4995c9080417,2032000,,,2569011,0,PARTIAL,partial_999_cpu_ops
2626b5c0d77a00273062ab96adf47b64,3303306,,,3355443,0,PARTIAL,partial_999_cpu_ops
26ba0d72dc61765a22e3a27a93a358a2,4445834,,,4508876,0,PARTIAL,partial_999_cpu_ops
273858a4ae59fff330b62302797c3060,5104266,,,5148508,0,PARTIAL,partial_999_cpu_ops
276d9b262722e4cb6391dc9fed698aa7,24376202,,,7969177,16515072,PARTIAL,partial_999_cpu_ops
2777d15efdb2babf660108adf41b5c58,2727241,,,3418357,0,PARTIAL,partial_999_cpu_ops
27869617a9bfc0da5f109c84c4a939c7,21411210,,,7853834,13641973,PARTIAL,partial_999_cpu_ops
278a65c91e279624407615a84f3282c4,2974090,,,3040870,0,PARTIAL,partial_999_cpu_ops
2796f1f6b3bc126233b45ddecb92ff18,1988123,,,2506096,0,PARTIAL,partial_999_cpu_ops
27dc55892a49a9dd4fc9732c25d8fbcc,10462858,,,8032092,2495610,PARTIAL,partial_999_cpu_ops
28087cc5e605205e2d53e79eb4b22942,14196618,,,7969177,6322913,PARTIAL,partial_999_cpu_ops
281a90bd259878c4e3a6812d68e0bc4b,3039882,,,3082813,0,PARTIAL,partial_999_cpu_ops
2828eef801200e5557e3024786e8ec74,6686346,,,6752829,0,PARTIAL,partial_999_cpu_ops
287b525d274fd684528ed557aa9e6b11,5807242,,,5861539,0,PARTIAL,partial_999_cpu_ops
28986004b1d5902d97878e6a72802dc9,2456616,,,3932160,0,PARTIAL,partial_999_cpu_ops
2a0e13ead6ab55828814b273435fc75e,31590794,,,8021606,23676846,PARTIAL,partial_999_cpu_ops
2a3d57754e3da2cec361d4b21d05c911,5807242,,,5861539,0,PARTIAL,partial_999_cpu_ops
2a5ecf52cbbc72f82e9d3f85f3899354,2784332,,,3491758,0,PARTIAL,partial_999_cpu_ops
2a922a7a0697d6ce64e8d578155b0c0d,8311178,,,7979663,390656,PARTIAL,partial_999_cpu_ops
2a9de05ff1fb55ac3c8e8700b6945372,23497098,,,7969177,15634268,PARTIAL,partial_999_cpu_ops
2ac790ea15872d689a7c1dde78d435fd,13153674,,,7790919,5452595,PARTIAL,partial_999_cpu_ops
2af739975919c70aeb3220cf342a675e,3853194,,,3921674,0,PARTIAL,partial_999_cpu_ops
2b1027320feb50ac8ec9666faecc71d5,4301142,,,6186598,0,PARTIAL,partial_999_cpu_ops
2b793391542d1c3feb8480612fe8f236,4269706,,,4341104,0,PARTIAL,partial_999_cpu_ops
2b92baf1c73cd1db1bc4ef791da1bfa5,19489162,,,8021606,11534336,PARTIAL,partial_999_cpu_ops
2bbd45993be265cb509161b6d75c8d92,14032778,,,7853834,6270484,PARTIAL,partial_999_cpu_ops
2bf548699570ea68a4cd1b967cd088d5,6510218,,,6574571,0,PARTIAL,partial_999_cpu_ops
2c6d2b337e4e88e1b95b956eeb25a765,6246794,,,6312427,0,PARTIAL,partial_999_cpu_ops
2c751a7023a29f5c4e0b9d47e3db010d,2118026,,,2181038,0,PARTIAL,partial_999_cpu_ops
2c8251c708c98122e003a8b7e6e1b7cc,19489162,,,7864320,11691622,PARTIAL,partial_999_cpu_ops
2ce34fada9900cdbd52a7d113f4b7055,1577512,,,1992294,0,PARTIAL,partial_999_cpu_ops
2d28553a81331f53056dd92d99c4f169,658477,,,858368,0,PARTIAL,partial_999_cpu_ops
2d5413cb4137167fcd3dbfc48f88367f,2767014,,,3491758,0,PARTIAL,partial_999_cpu_ops
2d91b76965365cc40770e11ff78762cb,21411210,,,7853834,13641973,PARTIAL,partial_999_cpu_ops
2e3850a1615f1146eb28fc4849aec8ee,8398474,,,7895777,566784,PARTIAL,partial_999_cpu_ops
2e4bceda92325ada53fd79c859247925,712074,,,752640,0,PARTIAL,partial_999_cpu_ops
2e7117d2db43f73aa5f0c11b31d551ca,7871626,,,7927234,0,PARTIAL,partial_999_cpu_ops
2ea7c78ede3d80e4b444cefca490d9d3,2903390,,,3638558,0,PARTIAL,partial_999_cpu_ops
2ebda12d9d5ec14d5f1aaca1f53ef203,5631114,,,5683281,0,PARTIAL,partial_999_cpu_ops
2ee627980d8e573758a45c6b555c2853,1464385,,,1835008,0,PARTIAL,partial_999_cpu_ops
2f04860e35acafe5d543b959bebdf83a,12274570,,,7853834,4487905,PARTIAL,partial_999_cpu_ops
2f0e3ffd9e4576589b4a0a21bf2bf01d,2974090,,,3040870,0,PARTIAL,partial_999_cpu_ops
2f15ccd4bd9b45cb3ad9ecee049305d4,7871626,,,7906263,23040,PARTIAL,partial_999_cpu_ops
2f416b94decca6f4924fa1c57ac92695,1238922,,,1289748,0,PARTIAL,partial_999_cpu_ops
2f46c9d2f1cff176f34a2295c49822bc,3039882,,,3082813,0,PARTIAL,partial_999_cpu_ops
30076d2dd87fd2d84f81d0e03f377c05,5983370,,,6039797,0,PARTIAL,partial_999_cpu_ops
313736e5b054727569cd58208e87ba83,2908985,,,3638558,0,PARTIAL,partial_999_cpu_ops
316e8d8502dc03f3796a24a53138df45,8135050,,,8032092,166400,PARTIAL,partial_999_cpu_ops
316eef4bcc20e9a3f7ca6f32b4600e58,6246794,,,6312427,0,PARTIAL,partial_999_cpu_ops
3188d3640055b5804e05ae706718379f,4006282,,,4068474,0,PARTIAL,partial_999_cpu_ops
31d1039b23e8e5454fcc96406b9c94e5,1151626,,,1195376,0,PARTIAL,partial_999_cpu_ops
31ea6f9a914eea7927d80d4574acdf7a,3517519,,,4404019,0,PARTIAL,partial_999_cpu_ops
32195ce3cf7d3a6fbae3ad82cffb5bc3,1860143,,,2359296,0,PARTIAL,partial_999_cpu_ops
3283061ebb976602b31602ffe86eef8b,11231626,,,7864320,3428843,PARTIAL,partial_999_cpu_ops
32901a6e3614f2ee9c380c73c1866fef,22454154,,,7864320,14680064,PARTIAL,partial_999_cpu_ops
32b26a4044bf082b0ad80f5dad618d76,11231626,,,7864320,3428843,PARTIAL,partial_999_cpu_ops
32c96c20bcb45d11e569ec63a3aafb3d,5631114,,,5683281,0,PARTIAL,partial_999_cpu_ops
32d110bdebe97a3ff14e41a19bc5c49b,14196618,,,7969177,6322913,PARTIAL,partial_999_cpu_ops
32d94cb57e0ea110e7a28555bdcacf71,6070666,,,6134169,0,PARTIAL,partial_999_cpu_ops
33704b07a5a9057ba5b18f1cc2709d14,2381450,,,2453667,0,PARTIAL,partial_999_cpu_ops
33c3a6e65de0802b77577b5416b38e14,8135050,,,8032092,166400,PARTIAL,partial_999_cpu_ops
33de711d058769a9bc82740ea963bfe7,2457078,,,3093299,0,PARTIAL,partial_999_cpu_ops
33e306159a60bba2d574ffc5f4ed7f14,5104266,,,5148508,0,PARTIAL,partial_999_cpu_ops
3407944b22d4b1d0cccbd8e070424ce4,3039882,,,3082813,0,PARTIAL,partial_999_cpu_ops
348b466a1cc13ad6e0e173b8a1820952,21247370,,,8021606,13306429,PARTIAL,partial_999_cpu_ops
355f27a4725363f68c8f1a88fc0f8baf,4798090,,,4865392,0,PARTIAL,partial_999_cpu_ops
35a1b276de7c14a843ca0fa06cb1366b,1678474,,,1730150,0,PARTIAL,partial_999_cpu_ops
37b9119d970b5fed20e62a2cda96a096,14032778,,,7853834,6270484,PARTIAL,partial_999_cpu_ops
3815e523ba8e903fe12d81ee2b05a41a,3742858,,,3795845,0,PARTIAL,partial_999_cpu_ops
3835552b2806f980e414bef37786ea06,10188682,,,7864320,2380267,PARTIAL,partial_999_cpu_ops
38da11ee56783f9cff5ecdfa0607cbad,1591178,,,1646264,0,PARTIAL,partial_999_cpu_ops
39c4afd24c18527c27e3bd4920c0187c,3479434,,,3533701,0,PARTIAL,partial_999_cpu_ops
3a16795828f528947e1a784bab36b74c,3566730,,,3628072,0,PARTIAL,partial_999_cpu_ops
3a84e0ad7980f716eeacf15919b262be,4709258,,,4781506,0,PARTIAL,partial_999_cpu_ops
3b8de24e123911da1bdbd359ebca2030,10188682,,,7853834,2380267,PARTIAL,partial_999_cpu_ops
3bb5cbe9ee50ea47f1b9d9ef8c375db9,13153674,,,8021606,5211422,PARTIAL,partial_999_cpu_ops
3bf3515c1fe4fc15a90822afb65853f5,5631114,,,5683281,0,PARTIAL,partial_999_cpu_ops
3bfbab79666f791d23507ee92932400f,5807242,,,5861539,0,PARTIAL,partial_999_cpu_ops
3c2c0a28728a8b319c56a49cc6e7be5b,2485021,,,3114270,0,PARTIAL,partial_999_cpu_ops
3c4e6cc9b3878772e7890b13b2c3e747,2974090,,,3040870,0,PARTIAL,partial_999_cpu_ops
3c61acace9ccb5c8d09d3993a4535e1a,12274570,,,7853834,4487905,PARTIAL,partial_999_cpu_ops
3cbfa9553b6dc916464f5015bf8b3ca0,1577512,,,1992294,0,PARTIAL,partial_999_cpu_ops
3d1d7f2bdc5edf724b40a350b2812bd8,3643474,,,4550819,0,PARTIAL,partial_999_cpu_ops
3d2007d30a4f4e8292f10aef473b932c,3479434,,,3533701,0,PARTIAL,partial_999_cpu_ops
3d56eb4a9e0b99ca34a1aa7813c36aad,10462858,,,7906263,2631925,PARTIAL,partial_999_cpu_ops
3d5ab02fa567075caaba24957442fc46,15075722,,,8032092,7151288,PARTIAL,partial_999_cpu_ops
3da7fc84de81ce81a990dc70de00cdad,2327334,,,3774873,0,PARTIAL,partial_999_cpu_ops
3db7e20184e417b4eb1718c5846356a6,1151626,,,1195376,0,PARTIAL,partial_999_cpu_ops
3dfde7715e83171f316625f00772ea23,539419,,,707840,0,PARTIAL,partial_999_cpu_ops
3e6c1688fb2a00a3dc08d0ac7a6dc961,13153674,,,7853834,5379194,PARTIAL,partial_999_cpu_ops
3e8667d46a04ea4dc10417bab3bf1a7a,3819435,,,4771020,0,PARTIAL,partial_999_cpu_ops
3eb1860d00ce75987821bd9488f62779,3812076,,,4771020,0,PARTIAL,partial_999_cpu_ops
3ef49efe0e4a2a933c3ea7e495840b20,1415050,,,1468006,0,PARTIAL,partial_999_cpu_ops
3efc34735e14b14fe5d6fb52c9578b76,3303306,,,3355443,0,PARTIAL,partial_999_cpu_ops
3f12fe5fc66531a4617e1286321e2da8,3742858,,,3795845,0,PARTIAL,partial_999_cpu_ops
3f8f4dab056c62a53293c2db104f73e8,1830436,,,3156213,0,PARTIAL,partial_999_cpu_ops
3fe26428539ebec46fefa9988bc37a1e,13153674,,,8032092,5200936,PARTIAL,partial_999_cpu_ops
3fed381ef6b74478bf55bbd53294ff73,22454154,,,7895777,14648606,PARTIAL,partial_999_cpu_ops
40c30309ae39ffbe1f8abf6756e287f7,1458454,,,1835008,0,PARTIAL,partial_999_cpu_ops
41175f66e2794653da6a4d874950ac0d,6510218,,,6574571,0,PARTIAL,partial_999_cpu_ops
41d209a4137cdf29810fb5394ee2a325,4621962,,,4687134,0,PARTIAL,partial_999_cpu_ops
422c2aa08f255776b5b5c9bcc1ac0670,10188682,,,7853834,2380267,PARTIAL,partial_999_cpu_ops
4245cf188529ab9dfb9f6ed42cf166fd,13317514,,,8032092,5368709,PARTIAL,partial_999_cpu_ops
4331dcea84aac5eee8903a76697406c3,3853194,,,3921674,0,PARTIAL,partial_999_cpu_ops
434730abe97b96cec671a5ca2f9be8d7,3820440,,,5630853,0,PARTIAL,partial_999_cpu_ops
43fc3bf243c6371bfcc4e94173803ba0,712074,,,752640,0,PARTIAL,partial_999_cpu_ops
440eb0e6a2a15d43b7de88aa18e60432,2788239,,,3491758,0,PARTIAL,partial_999_cpu_ops
44bad87ab79a3a52454df027b78239d6,13317514,,,7969177,5431623,PARTIAL,partial_999_cpu_ops
44c687c7c21a75a7cfa0bceebafe1853,1870367,,,2359296,0,PARTIAL,partial_999_cpu_ops
451cb41d3d50e2e07e18f4ff81009276,4358538,,,4424990,0,PARTIAL,partial_999_cpu_ops
4531192adce55781b30058b1472f145c,6246794,,,6312427,0,PARTIAL,partial_999_cpu_ops
4539a8d847669b9fe87e6dfea93fd83c,5894538,,,5955911,0,PARTIAL,partial_999_cpu_ops
470e00408601e3cc9760a6f80b47fbfa,2503003,,,3114270,0,PARTIAL,partial_999_cpu_ops
471546730eff6ba24d163061e4029d13,3853194,,,3921674,0,PARTIAL,partial_999_cpu_ops
4715b7a3caf0b875712a6881af9cbc44,3776038,,,5567938,0,PARTIAL,partial_999_cpu_ops
47bb419c2869c624c3d65fd16d87e5be,1931146,,,1981808,0,PARTIAL,partial_999_cpu_ops
47be656fde01f5f12561adb8ffed2abf,3039882,,,3082813,0,PARTIAL,partial_999_cpu_ops
47fb5adadfc9f8a75e3de789f7591943,3853194,,,3921674,0,PARTIAL,partial_999_cpu_ops
485943408e2aa972c421eee9a185d7fa,2974090,,,3040870,0,PARTIAL,partial_999_cpu_ops
488f9cf59231ef9cfe99a8a167ebab52,32469898,,,7864320,24725422,PARTIAL,partial_999_cpu_ops
48dd2a7fd5946b035b67d230341f3116,2974090,,,3040870,0,PARTIAL,partial_999_cpu_ops
48e107ec5174c8c8d943f9e2f43164b1,11067786,,,7853834,3271557,PARTIAL,partial_999_cpu_ops
48ee5a1f9886effef4616eb2e3e573cd,38090122,,,7895777,30272389,PARTIAL,partial_999_cpu_ops
499a1e154e7a374f942c6b492a5e57ea,3830154,,,3890216,0,PARTIAL,partial_999_cpu_ops
49a9d8dfd3aec23d3272a62ec606532b,12110730,,,7906263,4278190,PARTIAL,partial_999_cpu_ops
49c8ac2ed4a5e22d332c0e01bc348826,2490952,,,3114270,0,PARTIAL,partial_999_cpu_ops
49e68103df3021497b81b9a09cdba13e,7125898,,,7203717,0,PARTIAL,partial_999_cpu_ops
4ab922c1cec7a01d4d87a674e10c731c,8574602,,,7979663,660992,PARTIAL,partial_999_cpu_ops
4b2cfa4209f065e2da6757ce46c0b8e5,3566730,,,3628072,0,PARTIAL,partial_999_cpu_ops
4b7e61372913b6f62f3d30bf58b730b2,540196,,,707840,0,PARTIAL,partial_999_cpu_ops
4bdd9640c37f761d912bd5275b0f71df,3742858,,,3795845,0,PARTIAL,partial_999_cpu_ops
4c2e6efcd3e63a170f3e3f358d9fea84,9014154,,,8032092,1059061,PARTIAL,partial_999_cpu_ops
4c5eaba938e815cbd108047cd8607dea,4006282,,,4068474,0,PARTIAL,partial_999_cpu_ops
4c96c71603c5fff4da5c01a29484d3be,3566730,,,3628072,0,PARTIAL,partial_999_cpu_ops
4cff275248015389b0a83c646c4599cf,3039882,,,3082813,0,PARTIAL,partial_999_cpu_ops
4d123b5ce85ac27b72d93983dacbbfd7,3742858,,,3795845,0,PARTIAL,partial_999_cpu_ops
4d31877fefc56fa91d38adfb5bd451ae,4885386,,,4959764,0,PARTIAL,partial_999_cpu_ops
4dcf4a63d8bae4c0f299cad53b7129a1,1873308,,,2359296,0,PARTIAL,partial_999_cpu_ops
4df77cc17c3da268de7f2566927bcf22,22617994,,,7895777,14816378,PARTIAL,partial_999_cpu_ops
4e1268021f7b3b4b8c5d2a78d7fd158a,1767306,,,1814036,0,PARTIAL,partial_999_cpu_ops
4e67963454ee05f080ee6e8d44c018df,3479434,,,3533701,0,PARTIAL,partial_999_cpu_ops
4e6cf515798f35616a83b2c39d10d251,20532106,,,8021606,12582912,PARTIAL,partial_999_cpu_ops
4e9072c02fe6511295d0dbe82c74e989,1750146,,,2202009,0,PARTIAL,partial_999_cpu_ops
4eb779285481e2feb4ab6f42f3d72f66,1989425,,,2506096,0,PARTIAL,partial_999_cpu_ops
4f7d4443b757430e60f9292b63df6e5d,4445834,,,4508876,0,PARTIAL,partial_999_cpu_ops
4f95133d98f72f4dc5e6e2b7b702df89,29668746,,,7906263,21852323,PARTIAL,partial_999_cpu_ops
4f990320c51592a8f706c332104cdf90,3479434,,,3533701,0,PARTIAL,partial_999_cpu_ops
4fc3d6e5c1f40c7a79e1a79a7b780711,23497098,,,7906263,15697182,PARTIAL,partial_999_cpu_ops
500b6b24be5e01566f7a24a1b3ddbf99,5631114,,,5683281,0,PARTIAL,partial_999_cpu_ops
5013d4898aaba30673c3858589091b4f,946570,,,1036288,0,PARTIAL,partial_999_cpu_ops
505d88dc866b52e996d5300ed816617a,10188682,,,8021606,2222981,PARTIAL,partial_999_cpu_ops
507470799f20b52f2c7a78723798b295,1742135,,,2202009,0,PARTIAL,partial_999_cpu_ops
50828655ed13926493ba6a7b7f2b881b,2997130,,,3072327,0,PARTIAL,partial_999_cpu_ops
50b4318c3a5eb399616907d00178e258,4006282,,,4068474,0,PARTIAL,partial_999_cpu_ops
50f547237914d4118edd8914803ddbdc,6686346,,,6752829,0,PARTIAL,partial_999_cpu_ops
511350affb749c780443198c522714ce,2782644,,,3491758,0,PARTIAL,partial_999_cpu_ops
512cd9a356825574885d92ab58846b0a,3479434,,,3533701,0,PARTIAL,partial_999_cpu_ops
51832d14df0d1d5b0ef56dceeb63cae5,22454154,,,8021606,14522777,PARTIAL,partial_999_cpu_ops
51b5087165761c8bfe1dabd2d96c8e99,5894538,,,5955911,0,PARTIAL,partial_999_cpu_ops
51b99f4f4cc6fcf0efc37add54f2f0e8,10638986,,,7906263,2810183,PARTIAL,partial_999_cpu_ops
51ce526bef6a9a315c57ba584090b5d5,12110730,,,7853834,4330618,PARTIAL,partial_999_cpu_ops
5298f5d306fd2e28bdf51009b4366933,5104266,,,5148508,0,PARTIAL,partial_999_cpu_ops
529d37700ebe8ec1fc1bf204acaf424f,19489162,,,8021606,11534336,PARTIAL,partial_999_cpu_ops
534f2002efc14247307c7dcc2ca55b32,5367690,,,5421137,0,PARTIAL,partial_999_cpu_ops
53c2caa74426879d33f892af2b4149c3,30547850,,,8032092,22607298,PARTIAL,partial_999_cpu_ops
53cee42601ad14d661bb6878031d6acb,888202,,,928768,0,PARTIAL,partial_999_cpu_ops
53f7747ecbe727ed4076735b503cb096,1753661,,,2202009,0,PARTIAL,partial_999_cpu_ops
541fbc2bb9feabe7a972db79effde24c,38090122,,,7853834,30314332,PARTIAL,partial_999_cpu_ops
5498ba534c256c9d086596e2b51cf170,3216010,,,3261071,0,PARTIAL,partial_999_cpu_ops
54a607b5218c9982eb559f253f6978fb,20532106,,,7895777,12708741,PARTIAL,partial_999_cpu_ops
54cbad9f4badfda552f47b5c8aad5137,3479434,,,3533701,0,PARTIAL,partial_999_cpu_ops
5560a0022cd242a55df856129ca05f31,6686346,,,6752829,0,PARTIAL,partial_999_cpu_ops
5571641268b26e2ff4f407605937d677,28789642,,,7853834,21002977,PARTIAL,partial_999_cpu_ops
559021065a4066ca9f7a7137f3aa017d,10199434,,,7906263,2359296,PARTIAL,partial_999_cpu_ops
56843fa944df2c025589ae799312fe60,3303306,,,3355443,0,PARTIAL,partial_999_cpu_ops
568446f229ee474d96cb431de0fe1095,6070666,,,6134169,0,PARTIAL,partial_999_cpu_ops
56b35f46f583628838463ac1439bcd7e,6070666,,,6134169,0,PARTIAL,partial_999_cpu_ops
56d2a3860a876620dc350349b3bc369a,2898236,,,3638558,0,PARTIAL,partial_999_cpu_ops
57468b7c4dd6508014213945941ccac7,2893944,,,3638558,0,PARTIAL,partial_999_cpu_ops
57c7dedb40b94aab13305268fd0327d7,3918986,,,3974103,0,PARTIAL,partial_999_cpu_ops
58c8f040b84f617501dea6f4ab582479,5939082,,,6029312,0,PARTIAL,partial_999_cpu_ops
59c079a6b83ce37e682105a135eca195,13153674,,,8032092,5200936,PARTIAL,partial_999_cpu_ops
59d9ed3046cd87a504fcb05d916f6af8,31754634,,,7895777,23959961,PARTIAL,partial_999_cpu_ops
5c5e966af0655bb6e4798ffebaa6e9d3,7697290,,,7811891,0,PARTIAL,partial_999_cpu_ops
5c634822c6a87824df00040e36f54d1e,5631114,,,5683281,0,PARTIAL,partial_999_cpu_ops
5d4190fd89bb23037c68bfde193c77bf,9014154,,,8032092,1059061,PARTIAL,partial_999_cpu_ops
5d7ea49c05cb125979613e066e3dbe9c,3216010,,,3261071,0,PARTIAL,partial_999_cpu_ops
5dca441cabeb96bd96af5c8dc540e3b1,2780880,,,3491758,0,PARTIAL,partial_999_cpu_ops
5df59f7f6a28ec02e4cd0bb73cc5729c,3035601,,,3785359,0,PARTIAL,partial_999_cpu_ops
5e11a5dd66f2fe5785675625e3df818a,3410512,,,4246732,0,PARTIAL,partial_999_cpu_ops
5e464b4fec4ea5de037a5430b21532dd,19489162,,,7790919,11765022,PARTIAL,partial_999_cpu_ops
5e95e5c6fd2546091f15faf89354d6c4,3742858,,,3795845,0,PARTIAL,partial_999_cpu_ops
5ecdf1aa778267ee20e1467d932faa71,3655562,,,3711959,0,PARTIAL,partial_999_cpu_ops
5f14db94a47a90dd37d9f6793bdf2dc3,38969226,,,7895777,31163678,PARTIAL,partial_999_cpu_ops
5f628d0626df3c905f6aa68ee314c98a,22454154,,,7969177,14575206,PARTIAL,partial_999_cpu_ops
5f6cf7842957b50ed1ec456ec450592a,13153674,,,8021606,5211422,PARTIAL,partial_999_cpu_ops
5f947e32909f65677cfeed1e5b4c861e,2780228,,,3491758,0,PARTIAL,partial_999_cpu_ops
6047adcded92b5d8126a9cc34054624b,20532106,,,7906263,12698255,PARTIAL,partial_999_cpu_ops
6064491c87b641562dd0291d38f6f1b3,2621011,,,3271557,0,PARTIAL,partial_999_cpu_ops
606f15037b5bd4d79ace4200792b95cf,6070666,,,6134169,0,PARTIAL,partial_999_cpu_ops
6121a9c53be4670899be1b8e2d6917f3,10188682,,,7790919,2453667,PARTIAL,partial_999_cpu_ops
612d407648614f6d21d541c24f856df6,6949770,,,7025459,0,PARTIAL,partial_999_cpu_ops
61ef98af9a58bd3bda7abab8e83cb7be,8135050,,,8032092,166400,PARTIAL,partial_999_cpu_ops
6236f0cf8574d9b0a3866e636b9f1915,15075722,,,7969177,7214202,PARTIAL,partial_999_cpu_ops
626d264142ff0a011c9d1a5cac11b109,2271418,,,2873098,0,PARTIAL,partial_999_cpu_ops
628526cec91609b8097d3013ceb767c7,8135050,,,8032092,166400,PARTIAL,partial_999_cpu_ops
6367d1292d5085b2c68ed7c27f97928a,4006282,,,4068474,0,PARTIAL,partial_999_cpu_ops
6426e2a1f853bb8ade10ee7588a54730,3742858,,,3795845,0,PARTIAL,partial_999_cpu_ops
6463dec236838bad09900bdd64ef2f33,9014154,,,8032092,1059061,PARTIAL,partial_999_cpu_ops
64a3f8ba8735c09f8ed1d8767e53b281,29668746,,,7780433,21967667,PARTIAL,partial_999_cpu_ops
64e617b3d07537e40a3af1e46f04149c,6070666,,,6134169,0,PARTIAL,partial_999_cpu_ops
64f65883b65c291d04968606b20d998f,3940181,,,4917821,0,PARTIAL,partial_999_cpu_ops
654692dd64411ca0a2cc2ee12897f201,1151626,,,1195376,0,PARTIAL,partial_999_cpu_ops
65933d33a02a18bb48533c4c1046530e,7695498,,,7748976,0,PARTIAL,partial_999_cpu_ops
662d9184fd7655dd178bf295c956ee95,20368266,,,7780433,12656312,PARTIAL,partial_999_cpu_ops
66344e4ea26195131f153b084f6e0bf2,12274570,,,7969177,4372561,PARTIAL,partial_999_cpu_ops
66b65750b26b4418ef9639f2b929fa0f,16118666,,,7969177,8262778,PARTIAL,partial_999_cpu_ops
66ea4e36f994d4bf11102cbef10a3cb1,12110730,,,8032092,4152360,PARTIAL,partial_999_cpu_ops
66f099921991da4bc33d1a84c20c7888,3742858,,,3795845,0,PARTIAL,partial_999_cpu_ops
675777ecb1daff61b6917d833406cb82,4358538,,,4424990,0,PARTIAL,partial_999_cpu_ops
6790a334e6b6c6547a7526fb9bfec9ec,29668746,,,7780433,21967667,PARTIAL,partial_999_cpu_ops
682e8c26332f87690f20b44750be28eb,3039882,,,3082813,0,PARTIAL,partial_999_cpu_ops
683d2f0f319573826904fad060a1895a,11067786,,,7790919,3344957,PARTIAL,partial_999_cpu_ops
6850ec2ead9d6fdaa4c0776aaf42876d,4445834,,,4508876,0,PARTIAL,partial_999_cpu_ops
68c6827857da65b3fa6ca5a0f6998255,3853194,,,3921674,0,PARTIAL,partial_999_cpu_ops
6974deeab04fad2934c8468d2f242171,6070666,,,6134169,0,PARTIAL,partial_999_cpu_ops
69850253bf36a638fc16c5b7da27e66a,5543818,,,5599395,0,PARTIAL,partial_999_cpu_ops
69889310ffdbb4feaa38a8bf64d33be0,3742858,,,3795845,0,PARTIAL,partial_999_cpu_ops
69981a1f9489145abde585d9b4e47ab0,3216010,,,3261071,0,PARTIAL,partial_999_cpu_ops
6a7021d931aae75193905e9f45a1f825,3511588,,,4404019,0,PARTIAL,partial_999_cpu_ops
6a8e6e97ecd1dc0934e776091c5bfae7,13868938,,,7864320,6102712,PARTIAL,partial_999_cpu_ops
6a96c1c2c8186bff3577841108abb178,3303306,,,3355443,0,PARTIAL,partial_999_cpu_ops
6aa74936c1b145197a2c4040b5256baf,1415050,,,1468006,0,PARTIAL,partial_999_cpu_ops
6ac171bd805344168d374eaffcfffb06,9014154,,,8032092,1059061,PARTIAL,partial_999_cpu_ops
6adf09ef60d9568b0c5ce41d788a41bc,1931146,,,1981808,0,PARTIAL,partial_999_cpu_ops
6ae70ab8fa9f291a32aa94691e7489f0,5104266,,,5148508,0,PARTIAL,partial_999_cpu_ops
6b192a4af83fb8eef7b3f3e7d576a87c,1941898,,,2002780,0,PARTIAL,partial_999_cpu_ops
6b357aa289720ff7908c1ab48227a2a0,21411210,,,8021606,13474201,PARTIAL,partial_999_cpu_ops
6b3807ffed5e90baa1a79b13eb580467,2505805,,,3114270,0,PARTIAL,partial_999_cpu_ops
6b388c0562e2862c12426814f82479d3,1151626,,,1195376,0,PARTIAL,partial_999_cpu_ops
6b3b187b26bf62d08556fc86e69ca60c,6818186,,,6920601,0,PARTIAL,partial_999_cpu_ops
6bb3a5f158c57162b2a9671a1402725f,1931146,,,1981808,0,PARTIAL,partial_999_cpu_ops
6bc1790ed429d54dc732031f2301632a,3001610,,,3198156,0,PARTIAL,partial_999_cpu_ops
6c8ac33982f9b3e9bd26d7475e208bfd,12110730,,,7853834,4330618,PARTIAL,partial_999_cpu_ops
6cc6f27008da3cd95b7e159d4e26bdb7,2903390,,,3638558,0,PARTIAL,partial_999_cpu_ops
6d9c587c4e9c1de570921cee9285779c,5807242,,,5861539,0,PARTIAL,partial_999_cpu_ops
6de8637c0412a2ba7c41625f911597b5,2776458,,,2820669,0,PARTIAL,partial_999_cpu_ops
6e0dbd705172b517f094c9a75db5b7c4,5807242,,,5861539,0,PARTIAL,partial_999_cpu_ops
6e1a50a62823c2d9ac528de427d2a6b3,2776458,,,2820669,0,PARTIAL,partial_999_cpu_ops
6e611d0ac59be445dc8c4371a43f38d0,2895771,,,3638558,0,PARTIAL,partial_999_cpu_ops
6e66c8882a44d6d79613c399271aaa33,8750730,,,8032092,786432,PARTIAL,partial_999_cpu_ops
6e7a1dc16a081a750ba3e0f842e50038,24376202,,,7969177,16515072,PARTIAL,partial_999_cpu_ops
6ed519887232b15a95c625ad0b2c1bb1,5543818,,,5599395,0,PARTIAL,partial_999_cpu_ops
6ef23dc67b0326c9a53e757dcc44cdee,23333258,,,7790919,15644753,PARTIAL,partial_999_cpu_ops
6f026193cdbf07ab16259b8f4426e1d6,2557578,,,2621440,0,PARTIAL,partial_999_cpu_ops
6f156ca3180367695987bd202288e4c4,7695498,,,7748976,0,PARTIAL,partial_999_cpu_ops
6f1db217316da634995f315a3246456c,12110730,,,7864320,4320133,PARTIAL,partial_999_cpu_ops
6f26dc0c4fe9591225e8d3d24ed4f8a6,2776458,,,2820669,0,PARTIAL,partial_999_cpu_ops
6f6257bc3b12d87b8736e81cd4b7ed8b,1767306,,,1814036,0,PARTIAL,partial_999_cpu_ops
6f6f173e3c0fa9ce47f9c0ed91264a3d,12110730,,,7864320,4320133,PARTIAL,partial_999_cpu_ops
6fd16839551ae8bde74ffe82bc1d3c0d,4182410,,,4246732,0,PARTIAL,partial_999_cpu_ops
7008198c90ed5d4dd8adb0acbd2fd2bd,497674,,,569344,0,PARTIAL,partial_999_cpu_ops
702ddef6b5b7f659ef1ed38652d91115,2810250,,,2873098,0,PARTIAL,partial_999_cpu_ops
70b10fe679ce2c532a9b061c609da8bc,3818973,,,4771020,0,PARTIAL,partial_999_cpu_ops
70cec3d45475d0428b47a6143a0c9370,11067786,,,7864320,3261071,PARTIAL,partial_999_cpu_ops
71269c92a7f4e2672144d06e336513e7,3742858,,,3795845,0,PARTIAL,partial_999_cpu_ops
71485c6997c3c684e23aae3ab1bb18a2,7125898,,,7203717,0,PARTIAL,partial_999_cpu_ops
71a8e99338968a1b97aff372cff0f436,30711690,,,7906263,22900899,PARTIAL,partial_999_cpu_ops
71d941de64dc3f9945d01633fff34988,5367690,,,5421137,0,PARTIAL,partial_999_cpu_ops
71e04cbfe3702dc1ed4f20821e4af3c2,6070666,,,6134169,0,PARTIAL,partial_999_cpu_ops
71e29ecde1db1f6344801d69c75ed954,888202,,,928768,0,PARTIAL,partial_999_cpu_ops
7249d1870bf53ad0b4e2fb501d6f3896,7695498,,,7748976,0,PARTIAL,partial_999_cpu_ops
724ceb3878ccde3f535dd4ab2555c917,4358538,,,4424990,0,PARTIAL,partial_999_cpu_ops
72ca27bfb1b218686ba027508d5fee83,21575050,,,7895777,13757317,PARTIAL,partial_999_cpu_ops
72cdfc295aa3c7e452a9480c570e4d5d,2738242,,,3418357,0,PARTIAL,partial_999_cpu_ops
72e05c25b5a8771bf76e9125182dd07e,583050,,,657408,0,PARTIAL,partial_999_cpu_ops
731e2263c5d50c0a09dc9594f0c8a165,3216010,,,3261071,0,PARTIAL,partial_999_cpu_ops
7400bf856a8e6d142ff2a3b0fc2cd82e,20532106,,,7895777,12708741,PARTIAL,partial_999_cpu_ops
741fdfc112c0a7235400077190707940,5543818,,,5599395,0,PARTIAL,partial_999_cpu_ops
74430d913c2550db7eded985b42dbfc3,4095114,,,4152360,0,PARTIAL,partial_999_cpu_ops
74b4f4593d17d0a2951634df306a4958,38969226,,,8032092,31027363,PARTIAL,partial_999_cpu_ops
74c556c77a4f772445c11f8ee8496d80,13317514,,,7969177,5431623,PARTIAL,partial_999_cpu_ops
7563f814ac8c0426ce9fc95ad52b968d,5807242,,,5861539,0,PARTIAL,partial_999_cpu_ops
756df5b9051397eadeaa19cae9c89652,3479434,,,3533701,0,PARTIAL,partial_999_cpu_ops
758626711dd560be553c20e73ba23f30,22454154,,,8032092,14512291,PARTIAL,partial_999_cpu_ops
759c3b0c43f3cabeb0a12dc34031982f,3479434,,,3533701,0,PARTIAL,partial_999_cpu_ops
75d640430a93c0904cfcd3d62d2df91e,22290314,,,7853834,14533263,PARTIAL,partial_999_cpu_ops
7611f5af6fe0e785fc8dddff5c56a6fe,3742858,,,3795845,0,PARTIAL,partial_999_cpu_ops
7638de125a87ebdd2cc2b515b4d41fc9,1756463,,,2202009,0,PARTIAL,partial_999_cpu_ops
76828e7591f15af176ca9f052c332497,20368266,,,7864320,12572426,PARTIAL,partial_999_cpu_ops
76e95ff773019375ce55737d623dea78,2810250,,,2873098,0,PARTIAL,partial_999_cpu_ops
771a888531d1c59b6c81308ef2a8dad7,11231626,,,7790919,3502243,PARTIAL,partial_999_cpu_ops
77360751867dd763715d7c921183d33b,5807242,,,5861539,0,PARTIAL,partial_999_cpu_ops
77511ebad54fd5cd1ecf8dc29db36772,21575050,,,8021606,13631488,PARTIAL,partial_999_cpu_ops
779940613eb81c2bfd643b029f8018b8,14196618,,,7895777,6396313,PARTIAL,partial_999_cpu_ops
78025c0e31473a8b3b25aae04c3d43b0,4896138,,,4980736,0,PARTIAL,partial_999_cpu_ops
784c6b907ef3777f5773e13da3f13f2a,5894538,,,5955911,0,PARTIAL,partial_999_cpu_ops
79845d7681f9e38d5afc6eb15c01b69e,5631114,,,5683281,0,PARTIAL,partial_999_cpu_ops
7984708a06fc3e37d577f96c99c1914c,1700674,,,2139095,0,PARTIAL,partial_999_cpu_ops
79ac0ca945869f05b1fc34f4110f67d3,975498,,,1021440,0,PARTIAL,partial_999_cpu_ops
79e5e51f9c2ba884e37a1419b50108f4,1238922,,,1289748,0,PARTIAL,partial_999_cpu_ops
7a531e6f76569528f9feea0a2ced6f36,7125898,,,7203717,0,PARTIAL,partial_999_cpu_ops
7a619819a92582cb90e72bcfcf59bf05,2632765,,,4141875,0,PARTIAL,partial_999_cpu_ops
7a72c7556c98f2eb3bef29ddc9195761,3039882,,,3082813,0,PARTIAL,partial_999_cpu_ops
7a7df354c9ed7699de9797a3c8de2391,13153674,,,7853834,5379194,PARTIAL,partial_999_cpu_ops
7ad086bdc3ebfa56a8ef5f6f0214df83,6246794,,,6312427,0,PARTIAL,partial_999_cpu_ops
7b00ba173f37fd11c3b879716dad1bd4,4358538,,,4424990,0,PARTIAL,partial_999_cpu_ops
7b2fd70156186ce9dd422edaae54ada1,1678474,,,1730150,0,PARTIAL,partial_999_cpu_ops
7bbec64332bf58b6c1681300e18f6fb3,4006282,,,4068474,0,PARTIAL,partial_999_cpu_ops
7c65f6bd01b87407734781b6038050bc,3216010,,,3261071,0,PARTIAL,partial_999_cpu_ops
7cb9fc92003fb6d5663423001409b318,12274570,,,7969177,4372561,PARTIAL,partial_999_cpu_ops
7cfd725f077a0c642c7ba8c3cb19a627,6246794,,,6312427,0,PARTIAL,partial_999_cpu_ops
7d0ffe256707d06c1d36df577af56c01,3827706,,,4771020,0,PARTIAL,partial_999_cpu_ops
7d26c1014380504f8717b33ebc4b0191,2810250,,,2873098,0,PARTIAL,partial_999_cpu_ops
7d4b7fc1b99bcb64747f0c5b3b0046f6,22290314,,,8021606,14365491,PARTIAL,partial_999_cpu_ops
7d968619cd79b2da79057a364affc9d0,4269706,,,4341104,0,PARTIAL,partial_999_cpu_ops
7d9741575b0be783a7e67bf2185d60c9,12274570,,,7853834,4487905,PARTIAL,partial_999_cpu_ops
7dac2cae5fa78726418f85166c822c17,12110730,,,7853834,4330618,PARTIAL,partial_999_cpu_ops
7e1457ddf24845418005c21c07757841,8135050,,,7895777,297472,PARTIAL,partial_999_cpu_ops
7e6f9d42149ac45cfff02a478c7ae86f,23333258,,,8032092,15403581,PARTIAL,partial_999_cpu_ops
7e804ee3e327a1d3ab3e34a8ccd3ce7d,3742858,,,3795845,0,PARTIAL,partial_999_cpu_ops
7eae29ce7b118b8684f79d1b18f5ab25,3742858,,,3795845,0,PARTIAL,partial_999_cpu_ops
7eb7a23216c8dd5912830a479a709019,975498,,,1021440,0,PARTIAL,partial_999_cpu_ops
7fee9a1c1f5b70593e05d7cd21e47a89,4104279,,,5138022,0,PARTIAL,partial_999_cpu_ops
80085ddd7dff0364c3e10ac6a704758f,975498,,,1021440,0,PARTIAL,partial_999_cpu_ops
8052f7a6ed5070e58dc4afc69b0ee1b0,22454154,,,7969177,14575206,PARTIAL,partial_999_cpu_ops
80ad935d4722a32b3fe83d7d1e790ede,5061514,,,5138022,0,PARTIAL,partial_999_cpu_ops
80fb4464d0ab82d5f124d228ffd9507c,6246794,,,6312427,0,PARTIAL,partial_999_cpu_ops
8102312b0011e58ab79d3bc6b74b6c05,4896138,,,4980736,0,PARTIAL,partial_999_cpu_ops
812c06587548f3ae3f60452b70805bd5,11946890,,,8021606,3995074,PARTIAL,partial_999_cpu_ops
815c0e815b8110ef48534a89faf25ac2,8135050,,,8032092,166400,PARTIAL,partial_999_cpu_ops
81653de2d99676fa3d377640124a73ab,1591178,,,1646264,0,PARTIAL,partial_999_cpu_ops
816717ac4d61dd62ada09740b4fa6470,3039882,,,3082813,0,PARTIAL,partial_999_cpu_ops
816a12cbf5056eebe04e7a39cdf21d0b,5367690,,,5421137,0,PARTIAL,partial_999_cpu_ops
818335e2311b94ab15cbd7c90cae21e7,1415050,,,1468006,0,PARTIAL,partial_999_cpu_ops
81f5a40841c2dfc0dcad2cf76c88e80e,712074,,,752640,0,PARTIAL,partial_999_cpu_ops
821d70ecc12e96b4d0f6513327f9d454,38969226,,,7853834,31205621,PARTIAL,partial_999_cpu_ops
8259fa5ddab153bcf0717e56a5ed303c,3655817,,,5421137,0,PARTIAL,partial_999_cpu_ops
825e80c1557fab300e9775840161bf8e,6070666,,,6134169,0,PARTIAL,partial_999_cpu_ops
82689451fc85eacd865316b68270b01c,4709258,,,4781506,0,PARTIAL,partial_999_cpu_ops
829770556ba3fbf0e154772f5f037d34,6949770,,,7025459,0,PARTIAL,partial_999_cpu_ops
82c1c57c423890164d4a46e272f298ab,1873833,,,2359296,0,PARTIAL,partial_999_cpu_ops
82e63bfa68c8214e5945c9cff5e37a17,3853194,,,3921674,0,PARTIAL,partial_999_cpu_ops
837f1f77737c7f262afd9d7271a99b85,13317514,,,7969177,5431623,PARTIAL,partial_999_cpu_ops
83de10cc3c3e7abc753efefa5b2f3475,13153674,,,7864320,5368709,PARTIAL,partial_999_cpu_ops
8413eea4b2037cf27f6a9755759bac6a,2160896,,,2726297,0,PARTIAL,partial_999_cpu_ops
842c29188050053fcea49339bb043deb,40891274,,,8021606,32988200,PARTIAL,partial_999_cpu_ops
842cd6998525233fe308e28fb49186e6,5631114,,,5683281,0,PARTIAL,partial_999_cpu_ops
845a4b654acb7d14b25138c4d792eb74,12989834,,,7853834,5221908,PARTIAL,partial_999_cpu_ops
84a55e4cde35e728f9f0d1f1e83badc0,7871626,,,7906263,23040,PARTIAL,partial_999_cpu_ops
84b167c77985fe05f490bc4141dc676d,5807242,,,5861539,0,PARTIAL,partial_999_cpu_ops
852f21047c2aa03cb1fde04587083228,19489162,,,7906263,11649679,PARTIAL,partial_999_cpu_ops
853add1fb58360f2ee5b53178d6429dd,6510218,,,6574571,0,PARTIAL,partial_999_cpu_ops
8544d4b88c215d814f921c3d27ab9715,21411210,,,7864320,13631488,PARTIAL,partial_999_cpu_ops
85745917b80e88f503fafc55d3b784c2,3742858,,,3795845,0,PARTIAL,partial_999_cpu_ops
857c845e281e733583b3e1f7f13a243f,5631114,,,5683281,0,PARTIAL,partial_999_cpu_ops
85fc17d541dc5eb70337803fcea31de8,8574602,,,7895777,741376,PARTIAL,partial_999_cpu_ops
860569af9621d6745663a2956c5191ad,6070666,,,6134169,0,PARTIAL,partial_999_cpu_ops
86083346482d6f53635eb434524b5511,6070666,,,6134169,0,PARTIAL,partial_999_cpu_ops
86234eb6135af3960d7fdea3d65f645a,5631114,,,5683281,0,PARTIAL,partial_999_cpu_ops
86b6f658f237f6dd05204a6ca97d5743,12110730,,,7780433,4404019,PARTIAL,partial_999_cpu_ops
86ef58b422915affbb5f01dc2fc5c1ce,6246794,,,6312427,0,PARTIAL,partial_999_cpu_ops
870510b55facdb8976f862394e9c4fc3,6422922,,,6480199,0,PARTIAL,partial_999_cpu_ops
87ddd8c9aaa5ffcfa8988b2208320cbd,23169418,,,7864320,15414067,PARTIAL,partial_999_cpu_ops
8810708382e7993dff9f4fb2742d3635,2974090,,,3040870,0,PARTIAL,partial_999_cpu_ops
8833639bdf7c2aa109b969c32a65cc28,3805107,,,4771020,0,PARTIAL,partial_999_cpu_ops
88533e8540790ea14214199b7b18c5a8,2779703,,,3491758,0,PARTIAL,partial_999_cpu_ops
8857e90db260c3ae832eb1d3ad1d2337,22290314,,,8021606,14365491,PARTIAL,partial_999_cpu_ops
886abf4ac14e23ff82b11794328a3547,22454154,,,8032092,14512291,PARTIAL,partial_999_cpu_ops
8885e8e531900b8af1393e4e45cf43d8,4445834,,,4508876,0,PARTIAL,partial_999_cpu_ops
88b8c2d06e3be302d64cc528062b5595,14196618,,,7864320,6427770,PARTIAL,partial_999_cpu_ops
88fbe77b5640371dcbfb38598126b26b,14196618,,,7906263,6385827,PARTIAL,partial_999_cpu_ops
8931375b17571d1c7fbf7c112dbe28bc,2780880,,,3491758,0,PARTIAL,partial_999_cpu_ops
899273c79511eb3886001ffd5fafdf65,32633738,,,7906263,24840765,PARTIAL,partial_999_cpu_ops
89cb2b3dd91a73e067eea4b1b67e033d,8311178,,,7906263,465408,PARTIAL,partial_999_cpu_ops
8a666b281d20242f496975081b2e601a,8135050,,,7979663,217600,PARTIAL,partial_999_cpu_ops
8a67d9ba0c93eb2f70c707fc6efff028,833576,,,1080033,0,PARTIAL,partial_999_cpu_ops
8a8c599255733293cca58f201eb56bdf,2796383,,,3491758,0,PARTIAL,partial_999_cpu_ops
8aacaa51eb7421d4fe918e3421437986,29832586,,,8032092,21883781,PARTIAL,partial_999_cpu_ops
8ac52337a9d2258225417431679eb4ac,3742858,,,3795845,0,PARTIAL,partial_999_cpu_ops
8b2e434cce492e217d6e82c44a6de814,1415050,,,1468006,0,PARTIAL,partial_999_cpu_ops
8b7f9b37a02fdf554fb77e97a2c4edbb,22454154,,,8021606,14522777,PARTIAL,partial_999_cpu_ops
8b900e6fbd7672c65fe6f833e95c200b,21411210,,,7864320,13631488,PARTIAL,partial_999_cpu_ops
8b9be5d95d30991c3858fe0024905d8a,6686346,,,6752829,0,PARTIAL,partial_999_cpu_ops
8c354810335fa8f8af62e14e69c92416,31754634,,,8021606,23834132,PARTIAL,partial_999_cpu_ops
8c7c4a40a9479c7f697b5bc3af501f5b,29668746,,,7864320,21883781,PARTIAL,partial_999_cpu_ops
8cb3a764fd692371153c2c8503f840e0,11067786,,,8032092,3093299,PARTIAL,partial_999_cpu_ops
8cc1db85d68941ddc0ae6f455b7dd8ae,12110730,,,7853834,4330618,PARTIAL,partial_999_cpu_ops
8cde6d91c55887e02d1e539a4158519d,12274570,,,7906263,4445962,PARTIAL,partial_999_cpu_ops
8ce7a157bb8325e06b4979c5ad77d620,3039882,,,3082813,0,PARTIAL,partial_999_cpu_ops
8d6551d697ad30bb0a174e47d0bda0f8,21411210,,,7790919,13704888,PARTIAL,partial_999_cpu_ops
8d9bd61b19a1c7b12f72ae934f99efb0,28789642,,,7853834,21002977,PARTIAL,partial_999_cpu_ops
8da04adf608eb22905587f461a1c3edd,2265738,,,2422210,0,PARTIAL,partial_999_cpu_ops
8dcab98e50962bc64eb888de400a2d60,3797474,,,5567938,0,PARTIAL,partial_999_cpu_ops
8dd13a561a5d593fdc828306b10a4e60,712074,,,752640,0,PARTIAL,partial_999_cpu_ops
8e1d80638c24b4d6cf2dfdadebca9737,1080970,,,1184890,0,PARTIAL,partial_999_cpu_ops
8e651ef65c083b4d631d9f4e1057b603,12110730,,,7853834,4330618,PARTIAL,partial_999_cpu_ops
8e745799d6c739ad3f03b9de020abc08,10462858,,,8032092,2495610,PARTIAL,partial_999_cpu_ops
8e85de1dead7e9c3e04aa83a4a4b5ab1,19489162,,,7853834,11691622,PARTIAL,partial_999_cpu_ops
8ea87d1967f5899f0378de0842f03357,1458454,,,1835008,0,PARTIAL,partial_999_cpu_ops
8f05e88084647ad6561578d45893e81e,21575050,,,7969177,13683916,PARTIAL,partial_999_cpu_ops
907802d27f786475545b76371b5b5da9,12110730,,,7790919,4393533,PARTIAL,partial_999_cpu_ops
90a35050239ec41f90adb19f0aa7a9e3,2810250,,,2873098,0,PARTIAL,partial_999_cpu_ops
90d41553c012f05a35e0fd41d5b68295,21411210,,,7864320,13631488,PARTIAL,partial_999_cpu_ops
90e3f5faec3240ddfee38a004cead72a,1931146,,,1981808,0,PARTIAL,partial_999_cpu_ops
90ef47dbc5f8d324099359433fbe82df,22454154,,,8021606,14522777,PARTIAL,partial_999_cpu_ops
9136b2e02ddc2881f410b4ba54bbad48,3087550,,,3858759,0,PARTIAL,partial_999_cpu_ops
9172e8ef5d8828d5f87ab87f7d9bde8c,2810250,,,2873098,0,PARTIAL,partial_999_cpu_ops
91918ea9f4e4b7db350e8cb1dcc8f0c2,6070666,,,6134169,0,PARTIAL,partial_999_cpu_ops
9205f3085fe97cb7a47783c3bbc01eab,5543818,,,5599395,0,PARTIAL,partial_999_cpu_ops
9276fde4b697391a8d5066e28867bb0b,2446392,,,3932160,0,PARTIAL,partial_999_cpu_ops
9293a63abf5e8458b478099cbb9570d2,420361,,,557312,0,PARTIAL,partial_999_cpu_ops
92a5631bab282fb916ce1bb17226e868,12989834,,,7790919,5284823,PARTIAL,partial_999_cpu_ops
92ae8634e6ea95d7d48e9fe6c2f3836b,14032778,,,7864320,6259998,PARTIAL,partial_999_cpu_ops
9356645ae93df380444ea4ea52aa9663,5807242,,,5861539,0,PARTIAL,partial_999_cpu_ops
94077873c0860ab2590b655a1889e3c3,5611402,,,5704253,0,PARTIAL,partial_999_cpu_ops
941745c7ff13c8da20212953c63d1d32,8135050,,,7895777,297472,PARTIAL,partial_999_cpu_ops
9440aadf0cbb3db290a9d87591c09be9,20368266,,,7790919,12656312,PARTIAL,partial_999_cpu_ops
94bd326911f061808bc2197d97760da8,6070666,,,6134169,0,PARTIAL,partial_999_cpu_ops
951fbeab18853b16a3b9f31f410ccc3b,30711690,,,8021606,22785556,PARTIAL,partial_999_cpu_ops
952dfc4e689b9c00236770eaf021bcd5,22617994,,,7969177,14742978,PARTIAL,partial_999_cpu_ops
95717613c5c79692756a23a8a02ffdb6,6510218,,,6574571,0,PARTIAL,partial_999_cpu_ops
9658ee67bf050f0fbc8e337a6a5f6cee,2557578,,,2621440,0,PARTIAL,partial_999_cpu_ops
9679451bb3280c35d3c4bb2141d70694,21411210,,,8032092,13463715,PARTIAL,partial_999_cpu_ops
96794a104891b22bf4f2abbdd7c3e90f,11231626,,,7969177,3323985,PARTIAL,partial_999_cpu_ops
968755e05b28d2bcd83ffd9db9b837dc,1591178,,,1646264,0,PARTIAL,partial_999_cpu_ops
96ad5bd16b5c2d4501ee3e16ef2a1dd8,5631114,,,5683281,0,PARTIAL,partial_999_cpu_ops
96bf52913dbdd678023248228c44161d,1415050,,,1468006,0,PARTIAL,partial_999_cpu_ops
96c1edf2519472092008f6565e352e75,5104266,,,5148508,0,PARTIAL,partial_999_cpu_ops
971ac24547267da23e12018371b49874,5807242,,,5861539,0,PARTIAL,partial_999_cpu_ops
971d4a887ef4b24e31731c0dfd816253,2885547,,,3638558,0,PARTIAL,partial_999_cpu_ops
97889eea40097070385170769c219cbf,24212362,,,7906263,16420700,PARTIAL,partial_999_cpu_ops
97a871e1febc99c32b5744dbd658d2cd,20532106,,,7895777,12708741,PARTIAL,partial_999_cpu_ops
980f15236179785b551c73fc8d6e984c,2606881,,,3271557,0,PARTIAL,partial_999_cpu_ops
98f98be5d542c77409e1af4470782107,29668746,,,8021606,21726494,PARTIAL,partial_999_cpu_ops
991320ea46fdc1457a1273cbf5aba759,3655562,,,3711959,0,PARTIAL,partial_999_cpu_ops
9941441e03741eeff067d2631a108b88,12110730,,,7780433,4404019,PARTIAL,partial_999_cpu_ops
99721afd3b8c087a8ca3ea7f28af83ae,7871626,,,7906263,23040,PARTIAL,partial_999_cpu_ops
997324d7135eecbf9adfaab28c82993a,5543818,,,5599395,0,PARTIAL,partial_999_cpu_ops
999343ba2fa65de082920986f582ef16,12274570,,,7969177,4372561,PARTIAL,partial_999_cpu_ops
9a00438f0896232e140bc6386da5795f,832413,,,1080033,0,PARTIAL,partial_999_cpu_ops
9a2b900056c9c0337a844227bd7e339b,4709258,,,4781506,0,PARTIAL,partial_999_cpu_ops
9ab996abaf7c9b44d657088a4eca7052,3084560,,,3858759,0,PARTIAL,partial_999_cpu_ops
9b42bbb2497a2f58dee903d289ec1d27,2810250,,,2873098,0,PARTIAL,partial_999_cpu_ops
9be41c6cf6d0d5c24f123ede691165ec,3742858,,,3795845,0,PARTIAL,partial_999_cpu_ops
9c9e127b5d94aaad1a511c080df7a376,30875530,,,7969177,22995271,PARTIAL,partial_999_cpu_ops
9cbe27c0f0a34fbfa53c8f1ac14ecd75,3303306,,,3355443,0,PARTIAL,partial_999_cpu_ops
9cdc8d7d74f726a82ca50f89f295d6d2,5059978,,,5148508,0,PARTIAL,partial_999_cpu_ops
9cfdcd94e42e27e1c98ab7a399c632c0,4182410,,,4246732,0,PARTIAL,partial_999_cpu_ops
9d6114a69e8dd4e9fd94a4135acefe34,420361,,,557312,0,PARTIAL,partial_999_cpu_ops
9d6a3f721926eebbf2277acdf938b14f,7871626,,,7927234,0,PARTIAL,partial_999_cpu_ops
9d945979a511db5b3a3bcf0e56ce77a5,4182410,,,4246732,0,PARTIAL,partial_999_cpu_ops
9ddcb4352e76b30e81657979f9b9cbef,4182410,,,4246732,0,PARTIAL,partial_999_cpu_ops
9df5740cb4c58ca0d0b39b00e06945c7,7958922,,,8021606,0,PARTIAL,partial_999_cpu_ops
9e13d13f68bf5ce313b5847654d0f02b,1327754,,,1373634,0,PARTIAL,partial_999_cpu_ops
9e6133c934fc1024fffdc13ab5bda45b,2810250,,,2873098,0,PARTIAL,partial_999_cpu_ops
9f1b49c2d168104d28574ec7edb58dc3,3643999,,,4550819,0,PARTIAL,partial_999_cpu_ops
9f217c636575306d3be9cb2f01eecb08,1591178,,,1646264,0,PARTIAL,partial_999_cpu_ops
9f4f07e32195542677bd0acbba9cf3f4,5894538,,,5955911,0,PARTIAL,partial_999_cpu_ops
9f5bc44b235f5109da1a85ae01eb0b08,10023306,,,7906263,2181038,PARTIAL,partial_999_cpu_ops
9f8cbcb28eeffd2271d4e9d9452fc36c,3918986,,,3974103,0,PARTIAL,partial_999_cpu_ops
9fbcfdba7eb6a45217da1a8c3fbb3b71,3566730,,,3628072,0,PARTIAL,partial_999_cpu_ops
9fe1f5bd15d48e230a72cf36a3dba1ee,1460281,,,1835008,0,PARTIAL,partial_999_cpu_ops
a07a490140e123780a8fee1688207e19,22454154,,,7853834,14690549,PARTIAL,partial_999_cpu_ops
a14c891ee1d865dbc8a66b1bc3cada51,23497098,,,7969177,15634268,PARTIAL,partial_999_cpu_ops
a173b2b7cef1a83d2f4b2c60100e202b,13153674,,,7853834,5379194,PARTIAL,partial_999_cpu_ops
a1cab48052a76de2d82508410bd2761e,4863162,,,6910115,0,PARTIAL,partial_999_cpu_ops
a2188a64504f13d0f5ad85a687d10743,1358953,,,1740636,0,PARTIAL,partial_999_cpu_ops
a2193374d95ee8c3705d8c70065389e6,12989834,,,8032092,5043650,PARTIAL,partial_999_cpu_ops
a220b0487ff7cbcd7d9b4a2bf689bee3,3918986,,,3974103,0,PARTIAL,partial_999_cpu_ops
a293c4916be4760f28af550f784e4062,21247370,,,7853834,13474201,PARTIAL,partial_999_cpu_ops
a29711f5a7d0a8ec8f2e53c6bddd7964,947817,,,1226833,0,PARTIAL,partial_999_cpu_ops
a2b1e16ff660f631ac8f510558f5e28e,3688389,,,4613734,0,PARTIAL,partial_999_cpu_ops
a2dbe984c6a06f659e22503e830fc66b,39848330,,,8032092,31918653,PARTIAL,partial_999_cpu_ops
a2ff048bbd10f06c03164c22f156a453,2381450,,,2453667,0,PARTIAL,partial_999_cpu_ops
a321fcc724dcdd6974f64d546909b58e,28789642,,,7790919,21076377,PARTIAL,partial_999_cpu_ops
a325d39cf3ac0ed2648abf7cc578e38f,24376202,,,7969177,16515072,PARTIAL,partial_999_cpu_ops
a34528859efd28c7a2315dbd876f6678,5807242,,,5861539,0,PARTIAL,partial_999_cpu_ops
a3712156fcf71d5eeb9df1c3a4ccb91c,9014154,,,8032092,1059061,PARTIAL,partial_999_cpu_ops
a38ce90687a1f0d4d58ef9df300c4dc1,8574602,,,8032092,610304,PARTIAL,partial_999_cpu_ops
a45a0a1645289de5a6482c35ad9f185a,10199434,,,8032092,2233466,PARTIAL,partial_999_cpu_ops
a4c71eaa7d0778c6a3ac2205e8ebe6f1,5775242,,,5872025,0,PARTIAL,partial_999_cpu_ops
a4c830aaaa9d645e8a00e92c529e2611,20532106,,,7895777,12708741,PARTIAL,partial_999_cpu_ops
a4e403d5785a95fc72191cff16a321a6,21575050,,,7969177,13683916,PARTIAL,partial_999_cpu_ops
a618386c489b558ce5bd285d4ea793ec,2505805,,,3114270,0,PARTIAL,partial_999_cpu_ops
a634db6c204329abc7ec9244526e4acf,12110730,,,7790919,4393533,PARTIAL,partial_999_cpu_ops
a665b13021b69a2c84bbf3105c0cca37,21575050,,,7969177,13683916,PARTIAL,partial_999_cpu_ops
a673e53e87c4c863a3129b8cb9ac5cda,1832915,,,3156213,0,PARTIAL,partial_999_cpu_ops
a6953265167b76e2ecab4eb0afad6a3d,2665799,,,3334471,0,PARTIAL,partial_999_cpu_ops
a69d0383a5e9bc079f0f1db3664d7445,1700674,,,2139095,0,PARTIAL,partial_999_cpu_ops
a6a4c66cdd64789c73aae44ce88ee90d,2810250,,,2873098,0,PARTIAL,partial_999_cpu_ops
a6aa499904b38cfc07eeb87621b614cb,4182410,,,4246732,0,PARTIAL,partial_999_cpu_ops
a6e1161e28c87f691606f452cbd2625f,8398474,,,8032092,434688,PARTIAL,partial_999_cpu_ops
a6e84cf206a71c1940c740e786109d4f,4182410,,,4246732,0,PARTIAL,partial_999_cpu_ops
a6fda1cd5df4a97f5f44e8fd7f0d922c,13153674,,,7906263,5337251,PARTIAL,partial_999_cpu_ops
a704c75bbf81b843921b5ee8af791181,3742858,,,3795845,0,PARTIAL,partial_999_cpu_ops
a71e4989d59440b14d17f2e51c4beb8e,7432074,,,7486832,0,PARTIAL,partial_999_cpu_ops
a73457200f0d7383a3bcdd22415c0fca,32633738,,,8021606,24725422,PARTIAL,partial_999_cpu_ops
a7566f2090f0f83d77330a8c572c6402,19489162,,,7790919,11765022,PARTIAL,partial_999_cpu_ops
a7b12025cb9aadc5378a73cfb4146fd3,4006282,,,4068474,0,PARTIAL,partial_999_cpu_ops
a81775712491499974b4c6823ba04672,3479434,,,3533701,0,PARTIAL,partial_999_cpu_ops
a86dde299f89b29f81573ed9e5a93999,5807242,,,5861539,0,PARTIAL,partial_999_cpu_ops
a86e838c989993e8e6f2faba34610935,1860668,,,2359296,0,PARTIAL,partial_999_cpu_ops
aa04a8cf3948a0eda70280b9e015e896,5983370,,,6039797,0,PARTIAL,partial_999_cpu_ops
aa665d5ca55829b9ddd3a4d1c360a87b,29668746,,,7895777,21852323,PARTIAL,partial_999_cpu_ops
aa772a6fabdf214d071700d5de36eaac,2632240,,,4141875,0,PARTIAL,partial_999_cpu_ops
aa7b0f3ebe30e40cce3f0273b083e7c3,4094972,,,5138022,0,PARTIAL,partial_999_cpu_ops
aa82800062a6de72d4c1152154fedcbf,12274570,,,7864320,4487905,PARTIAL,partial_999_cpu_ops
ab4515814f7cbfdd3c0731a979042b7f,2602252,,,3271557,0,PARTIAL,partial_999_cpu_ops
ab5eb5f1bbe888a3f8ac13fdb600675d,8574602,,,8032092,611840,PARTIAL,partial_999_cpu_ops
abbb229f6d99fca2894a8bf159d9ec19,951471,,,1226833,0,PARTIAL,partial_999_cpu_ops
abc4a96cad7cbefd12e365f184cad2c5,2045353,,,2569011,0,PARTIAL,partial_999_cpu_ops
abdf715e664f53708e379d1e10ab09d2,21411210,,,7969177,13526630,PARTIAL,partial_999_cpu_ops
ac9bd0e2514c031187b612db767fb038,1151626,,,1195376,0,PARTIAL,partial_999_cpu_ops
accc89fbbf20834663bf78d836746304,2776458,,,2820669,0,PARTIAL,partial_999_cpu_ops
acfbc2d7cbf5a89feb83c156c81ae4e5,14911882,,,8032092,6983516,PARTIAL,partial_999_cpu_ops
ad2890a0514518c4ad5823cafa7c77ee,1803577,,,2285895,0,PARTIAL,partial_999_cpu_ops
adb0222a55502bc995c9423c5a6a81c7,421663,,,557312,0,PARTIAL,partial_999_cpu_ops
adf5ea752a5c97d75deb8456afa39921,1448230,,,1835008,0,PARTIAL,partial_999_cpu_ops
ae64022f9eb4d711b7a641ae08009269,3742858,,,3795845,0,PARTIAL,partial_999_cpu_ops
ae8226a2141935fa6950cecd98eaa005,4182410,,,4246732,0,PARTIAL,partial_999_cpu_ops
aed6c55f69f51f50a3ccaccfc9671bba,20532106,,,7906263,12698255,PARTIAL,partial_999_cpu_ops
af5a3a68e1353171ac670fe843660132,22290314,,,7853834,14533263,PARTIAL,partial_999_cpu_ops
af92509333e1f98b963251ce6f2011e3,4621962,,,4687134,0,PARTIAL,partial_999_cpu_ops
afbae1c035782c5f51f7542247d99794,6510218,,,6574571,0,PARTIAL,partial_999_cpu_ops
b03f7cb52ec8640a3b4f171a735d482e,8135050,,,8032092,166400,PARTIAL,partial_999_cpu_ops
b0af3f069c5cb289a89d7bccd621845e,14032778,,,7853834,6270484,PARTIAL,partial_999_cpu_ops
b1075acb15c1416eb97ad6607cef4f3b,6949770,,,7025459,0,PARTIAL,partial_999_cpu_ops
b11ebfad8525cd6f388d1c36eb981a68,5807242,,,5861539,0,PARTIAL,partial_999_cpu_ops
b1e8588a4ddc7cdc703046d9c4bf5403,3039882,,,3082813,0,PARTIAL,partial_999_cpu_ops
b2ad69553f55d4963afbb50157f215c2,12274570,,,7895777,4445962,PARTIAL,partial_999_cpu_ops
b2dc755e6163fdadfaf1a20f11ede4f7,3742858,,,3795845,0,PARTIAL,partial_999_cpu_ops
b31a306fb738bf434a7a637c9ffe68ba,1591178,,,1646264,0,PARTIAL,partial_999_cpu_ops
b323da5c45643e9c967a0546dc939764,2974090,,,3040870,0,PARTIAL,partial_999_cpu_ops
b34c0272bee36b6fbd2971734b2e0a63,4896138,,,4980736,0,PARTIAL,partial_999_cpu_ops
b372fb0e24b1511b7805d1d6bd1c78c6,4621962,,,4687134,0,PARTIAL,partial_999_cpu_ops
b3dc79507d0bd5a4b0915ba165376fbf,6510218,,,6574571,0,PARTIAL,partial_999_cpu_ops
b436a6e7730396404984f0775bdbdbc9,1415050,,,1468006,0,PARTIAL,partial_999_cpu_ops
b49ac8c578b4561d79ac7087988f1c61,10188682,,,7906263,2338324,PARTIAL,partial_999_cpu_ops
b4c0b02c5dcd1b49a7b47be99a3e0fda,8135050,,,8032092,166400,PARTIAL,partial_999_cpu_ops
b4ed20daca47eccf1852b226911a394f,3655562,,,3711959,0,PARTIAL,partial_999_cpu_ops
b59d40920fd59f2b76a8ae0c5504085c,3918986,,,3974103,0,PARTIAL,partial_999_cpu_ops
b5a93d6f54b779f0fa99b243466bacea,29668746,,,7853834,21894266,PARTIAL,partial_999_cpu_ops
b5b2760be383c2f1485073b1c54d02e9,497674,,,569344,0,PARTIAL,partial_999_cpu_ops
b5c67e246aa1b13c2a1f368cfaf3705e,2784984,,,3491758,0,PARTIAL,partial_999_cpu_ops
b63f6a132f77910ccac030af0f120192,21411210,,,8021606,13474201,PARTIAL,partial_999_cpu_ops
b6c9554acdc4b47d81823ba67626f845,12110730,,,7853834,4330618,PARTIAL,partial_999_cpu_ops
b6cfe6189f05c33821cb9d0df417a8fc,14032778,,,7864320,6259998,PARTIAL,partial_999_cpu_ops
b7722bcee5e5c3e61965e8da35cb82ad,3822950,,,4771020,0,PARTIAL,partial_999_cpu_ops
b7b8d82d71264d1d606793b5a65a4ecf,6686346,,,6752829,0,PARTIAL,partial_999_cpu_ops
b898e8a7ada8eadb0319638eb2d0520f,1297125,,,1656750,0,PARTIAL,partial_999_cpu_ops
b8ac1fcbc2fca0dfc45a99652b502843,5631114,,,5683281,0,PARTIAL,partial_999_cpu_ops
b8c0df1967a82ca4f0be3e88cf2efbb6,10199434,,,8032092,2233466,PARTIAL,partial_999_cpu_ops
b8c821682443b314c913878f9febe926,13153674,,,7969177,5263851,PARTIAL,partial_999_cpu_ops
b8f5db82f5646ced448205c7de637f33,6686346,,,6752829,0,PARTIAL,partial_999_cpu_ops
b9004ebdd029b077bc3e6cdb7da692d4,2974090,,,3040870,0,PARTIAL,partial_999_cpu_ops
b91f365bf5006d28865808e3e74ddc75,12110730,,,7864320,4320133,PARTIAL,partial_999_cpu_ops
b94752eaa467ee9b62e24643dfec7376,7695498,,,7748976,0,PARTIAL,partial_999_cpu_ops
b98c29c210adbd72771cfa1b08e278d2,12274570,,,8021606,4320133,PARTIAL,partial_999_cpu_ops
b9b8d68a9e92490be9fae5fe98c93fff,7871626,,,7906263,23040,PARTIAL,partial_999_cpu_ops
b9ba3436af81be9d9dbfb8ec840e59da,1678474,,,1730150,0,PARTIAL,partial_999_cpu_ops
b9d626506f441e7dff83e31537491aa6,11231626,,,7864320,3428843,PARTIAL,partial_999_cpu_ops
ba4571cd14baeac35e8379941d456294,22290314,,,7864320,14522777,PARTIAL,partial_999_cpu_ops
ba913daa2e7faa0619ceea5b3b7db9bc,1678474,,,1730150,0,PARTIAL,partial_999_cpu_ops
bacbce1769dfc8fae89fc31c6f525d2b,22454154,,,7864320,14680064,PARTIAL,partial_999_cpu_ops
bb00db7cdbac28ecfdb1a69529ce1dfc,10023306,,,8032092,2055208,PARTIAL,partial_999_cpu_ops
bb324de5f249ac88fbd794a0b956bcce,3380280,,,5064622,0,PARTIAL,partial_999_cpu_ops
bb60c46f5b7c352b7900043c5ef7e0a7,2810250,,,2873098,0,PARTIAL,partial_999_cpu_ops
bbafb7b224f5af0a5e6a28a0f3db97af,22290314,,,7864320,14522777,PARTIAL,partial_999_cpu_ops
bbd7d7c4c9b9d1d8532d3f1fa4af668d,2914728,,,3638558,0,PARTIAL,partial_999_cpu_ops
bc09be64afbb2ccb28cde3bcae556f67,3742858,,,3795845,0,PARTIAL,partial_999_cpu_ops
bc12ef2ce699b9f9ed98731c977784ac,30711690,,,7895777,22911385,PARTIAL,partial_999_cpu_ops
bc1b9abe00d344cc7b6bc5d24e176b83,2776713,,,3491758,0,PARTIAL,partial_999_cpu_ops
bc87a8607312e46c1e5b8157354e44e6,2800487,,,3491758,0,PARTIAL,partial_999_cpu_ops
bc94f0e3a913530f3914612d02a328a3,4621962,,,4687134,0,PARTIAL,partial_999_cpu_ops
bcac9da9e452e7374364a599a26a61a0,4885386,,,4959764,0,PARTIAL,partial_999_cpu_ops
bcc43ab208a192a9ef8a1d41acdd79c9,4445834,,,4508876,0,PARTIAL,partial_999_cpu_ops
bce637b42a97ffd878015bb681c21f0e,2810250,,,2873098,0,PARTIAL,partial_999_cpu_ops
bcf7cef6d5b96880a65b8cb06a8546e2,4182410,,,4246732,0,PARTIAL,partial_999_cpu_ops
bcff469d9ca87c205c3cdfbbcbfec4d6,3479434,,,3533701,0,PARTIAL,partial_999_cpu_ops
bd7f38d9c1e6f746e0636499031e0f53,975498,,,1021440,0,PARTIAL,partial_999_cpu_ops
bd827b56353a16aca75736cd910b049a,5543818,,,5599395,0,PARTIAL,partial_999_cpu_ops
bd831fe4ed1f03d55d931dea19d4a7c0,21411210,,,7780433,13715374,PARTIAL,partial_999_cpu_ops
bd9c3973a15cb2d5972acb3b993998d1,12989834,,,7790919,5284823,PARTIAL,partial_999_cpu_ops
bd9fee5fb5cc050e8789cabe7f06ea7e,1327754,,,1394606,0,PARTIAL,partial_999_cpu_ops
be37244bef6847254a11217570b03524,5807242,,,5861539,0,PARTIAL,partial_999_cpu_ops
be8770aa22f4d87e9f298e7df5bb2cec,6334090,,,6396313,0,PARTIAL,partial_999_cpu_ops
becde56eb7bf8064d2273c0e0eb15ecf,22290314,,,8021606,14365491,PARTIAL,partial_999_cpu_ops
bed0664cd033875b2f5059277b8d1a9e,3918986,,,3974103,0,PARTIAL,partial_999_cpu_ops
bfeb1695ef0d4465d162ef0b8b816ae8,1151626,,,1195376,0,PARTIAL,partial_999_cpu_ops
c024e48e6a40f824b81342401a836432,14032778,,,7864320,6259998,PARTIAL,partial_999_cpu_ops
c03408d8ed90c0cdece556cca6d19cf9,5631114,,,5683281,0,PARTIAL,partial_999_cpu_ops
c0d64000c3795c929f097aa01953244b,3039882,,,3082813,0,PARTIAL,partial_999_cpu_ops
c0e6b63918f2d62e6aeddc0092a496b8,3742858,,,3795845,0,PARTIAL,partial_999_cpu_ops
c122367432b22688bc63c2f329bf5286,712074,,,752640,0,PARTIAL,partial_999_cpu_ops
c17f0eaee8b311423d94291e79968952,1583443,,,1992294,0,PARTIAL,partial_999_cpu_ops
c18167dbad42bf4b495860c48908c0c8,3039882,,,3082813,0,PARTIAL,partial_999_cpu_ops
c1cef69a22e3ba222471d20add1243eb,3742858,,,3795845,0,PARTIAL,partial_999_cpu_ops
c1dba24fc08f29b230d7d3c098c9517c,28789642,,,7906263,20961034,PARTIAL,partial_999_cpu_ops
c2b22d3746fd4e2e9e2798aef348e8cf,12110730,,,8032092,4152360,PARTIAL,partial_999_cpu_ops
c2b9f32e44695e1371c6926c406b9871,7213194,,,7287603,0,PARTIAL,partial_999_cpu_ops
c31fc88bf3c0becde256e1b15e057305,3479434,,,3533701,0,PARTIAL,partial_999_cpu_ops
c330076d84843e97be8255f84e6bf74a,29668746,,,7853834,21894266,PARTIAL,partial_999_cpu_ops
c371b88a82c4255021bc21b73830d5bc,3642172,,,4550819,0,PARTIAL,partial_999_cpu_ops
c374fe5bbb3c9760aa59c669272bbf1a,6070666,,,6134169,0,PARTIAL,partial_999_cpu_ops
c385cff57230e741416398670b9fe6c5,5631114,,,5683281,0,PARTIAL,partial_999_cpu_ops
c41cdfda81450373fe921c4920794f6b,5983370,,,6039797,0,PARTIAL,partial_999_cpu_ops
c465ad35f7c93aefdf743307af761ae1,5807242,,,5861539,0,PARTIAL,partial_999_cpu_ops
c49e4ac9841c77d6b5c8868bf48f8829,3039882,,,3082813,0,PARTIAL,partial_999_cpu_ops
c4efdf77a43e8d3bd8b92e416b79109e,2782644,,,3491758,0,PARTIAL,partial_999_cpu_ops
c51ebcacd4c1298650f62d479909cae5,2151058,,,2726297,0,PARTIAL,partial_999_cpu_ops
c53bceec7935e8743e66c08fe7793a20,6510218,,,6574571,0,PARTIAL,partial_999_cpu_ops
c5612807a5fab7a7e13df996f8092095,5983370,,,6039797,0,PARTIAL,partial_999_cpu_ops
c59a0ed79aeed758107f1cb22dd90432,10188682,,,7864320,2380267,PARTIAL,partial_999_cpu_ops
c5a8ee1abdf621ea2c39d88965507a27,3479434,,,3533701,0,PARTIAL,partial_999_cpu_ops
c5b401ca33000a6675406689768cecd1,12274570,,,7864320,4487905,PARTIAL,partial_999_cpu_ops
c5be66d9056923e12cd092c193900a5c,4896138,,,4980736,0,PARTIAL,partial_999_cpu_ops
c625ac37ab948f898c3c054e1d4036cb,3922338,,,4917821,0,PARTIAL,partial_999_cpu_ops
c63fcba86f8fd2f2eefaceda05d9aac8,15075722,,,7864320,7319060,PARTIAL,partial_999_cpu_ops
c6c7a7a185bfb133dba8e90aa748aa97,13153674,,,8032092,5200936,PARTIAL,partial_999_cpu_ops
c6d2c8dc6db7566e4e547ffea6e12a8f,1941898,,,2002780,0,PARTIAL,partial_999_cpu_ops
c722f996d921294a5b74c622d4f7ac75,540721,,,707840,0,PARTIAL,partial_999_cpu_ops
c72b3071edd01d4d832b3385d105c706,4732298,,,4812963,0,PARTIAL,partial_999_cpu_ops
c74c8d67773abccbc200595da0a84f13,4017034,,,4089446,0,PARTIAL,partial_999_cpu_ops
c7ad8d6d128cf6a4209445607328fa4a,1446928,,,1835008,0,PARTIAL,partial_999_cpu_ops
c7f7307afb5ee2b8d1533d087109f2b6,5631114,,,5683281,0,PARTIAL,partial_999_cpu_ops
c807e9fcfe33f4affc82bf6c0e60f453,12274570,,,7864320,4487905,PARTIAL,partial_999_cpu_ops
c84170e92aef5079ae923a958cddfb1b,1816842,,,1960837,0,PARTIAL,partial_999_cpu_ops
c8560eb1bf8809d22c34dfdd443117c2,2030730,,,2086666,0,PARTIAL,partial_999_cpu_ops
c89315c072ad822ce7010bca146fbecc,5367690,,,5421137,0,PARTIAL,partial_999_cpu_ops
c8c0c1d28b982ed0606fa0ef1a0ce3f1,2619709,,,3271557,0,PARTIAL,partial_999_cpu_ops
c91dccc4fe706882a549d9502642e569,2646410,,,2705326,0,PARTIAL,partial_999_cpu_ops
c9204a6ad8dd6d811d5e5a2824101724,4709258,,,4781506,0,PARTIAL,partial_999_cpu_ops
c9983c4d8fc199d68a3778c8e181a319,5775242,,,5872025,0,PARTIAL,partial_999_cpu_ops
ca548741288594b4f10bdf4055a25741,11231626,,,8032092,3261071,PARTIAL,partial_999_cpu_ops
ca6562bcffc352e5e28fb9f67556abbf,20532106,,,7790919,12813598,PARTIAL,partial_999_cpu_ops
cac2ab2b1c21698c84140b29e4c428e5,29832586,,,7969177,21946695,PARTIAL,partial_999_cpu_ops
cafd85f3e54ce4216301777d4b10419a,5150908,,,6417285,0,PARTIAL,partial_999_cpu_ops
cb4bd6a6a236330b89824fbfe461ae95,30711690,,,8021606,22785556,PARTIAL,partial_999_cpu_ops
cb61ff5026aa4280858de250a5422623,3819435,,,4771020,0,PARTIAL,partial_999_cpu_ops
cb6c7b3f3b686299a3434ee1aec84bbf,32469898,,,7864320,24725422,PARTIAL,partial_999_cpu_ops
cb6ef5912869f5940f7bafd89949a46e,14196618,,,7906263,6385827,PARTIAL,partial_999_cpu_ops
cc7555855ad0d1c36537a472dea36288,3742858,,,3795845,0,PARTIAL,partial_999_cpu_ops
ccc084535b7fbe102538c08a7b912308,16118666,,,8032092,8199864,PARTIAL,partial_999_cpu_ops
ccdbdaf440fa55eddccfe5549892a513,14196618,,,7969177,6322913,PARTIAL,partial_999_cpu_ops
ccf80617af17d98c352294ee869a9c2d,11946890,,,7853834,4162846,PARTIAL,partial_999_cpu_ops
cd17cc7975a3b4f0b73facf850d79c18,9014154,,,8032092,1059061,PARTIAL,partial_999_cpu_ops
cd26e0df01ed71630181ef4a14bec2a7,4006282,,,4068474,0,PARTIAL,partial_999_cpu_ops
cd407f79ee6de966c8c3608ac60ea9b0,2266601,,,2873098,0,PARTIAL,partial_999_cpu_ops
cd6fda3c27790363c35161cad7065037,13153674,,,7853834,5379194,PARTIAL,partial_999_cpu_ops
cd977eada26c27f906700012e6b554df,1678474,,,1730150,0,PARTIAL,partial_999_cpu_ops
cdafdf37ce85696704cb88943e97c552,1700674,,,2139095,0,PARTIAL,partial_999_cpu_ops
cdbbc16cd07c19df63f60ad775930739,5807242,,,5861539,0,PARTIAL,partial_999_cpu_ops
cdf42d3c39a6595331d0bc651928d3f9,7695498,,,7748976,0,PARTIAL,partial_999_cpu_ops
ce28096baf1c8154739e6479262057e0,2503003,,,3114270,0,PARTIAL,partial_999_cpu_ops
cec68c37e39cdef55c32fd2f562fc68b,3742858,,,3795845,0,PARTIAL,partial_999_cpu_ops
ced73e7c7eb9feede7cbb95e3747a3f8,2885547,,,3638558,0,PARTIAL,partial_999_cpu_ops
cef008d128c549094ea1700c25d812e1,715043,,,924928,0,PARTIAL,partial_999_cpu_ops
cf2dd11279d40b8fc2d911059110952e,2109458,,,2652897,0,PARTIAL,partial_999_cpu_ops
d00cb2ba1a0856ac5d8cd5ed7ecf5d31,2118026,,,2181038,0,PARTIAL,partial_999_cpu_ops
d0a5ff67e269a1ac4f305c618a88ac85,11231626,,,7906263,3386900,PARTIAL,partial_999_cpu_ops
d0f44e2dbf36429f1fe1ce50dc8eeed4,7125898,,,7203717,0,PARTIAL,partial_999_cpu_ops
d1269d9156ddc027c40473008192958a,1931146,,,1981808,0,PARTIAL,partial_999_cpu_ops
d1b9a359561814e89b273c953bb32bb1,3479434,,,3533701,0,PARTIAL,partial_999_cpu_ops
d1c2fa68b28ca0d06453a5e10db81a1d,4182410,,,4246732,0,PARTIAL,partial_999_cpu_ops
d25ac2430c53058c58710369d8881e6f,5807242,,,5861539,0,PARTIAL,partial_999_cpu_ops
d25c9fed0f1c901c0521051a4febd1bf,3918986,,,3974103,0,PARTIAL,partial_999_cpu_ops
d2a6d6bf9e5dc6b4f42877c8337be76a,32633738,,,8021606,24725422,PARTIAL,partial_999_cpu_ops
d3243ccd0b1e6299d112fa92364f0bdd,7125898,,,7203717,0,PARTIAL,partial_999_cpu_ops
d32a3166e1aa90f93ab547360688e7a7,5807242,,,5861539,0,PARTIAL,partial_999_cpu_ops
d32d0b26d534203b48d866facd98cc3e,11067786,,,8032092,3093299,PARTIAL,partial_999_cpu_ops
d374baff9a680e54af2e7e01a87f36f4,4732298,,,4812963,0,PARTIAL,partial_999_cpu_ops
d3b16e5675d9f02ba3cb845067780dd7,5807242,,,5861539,0,PARTIAL,partial_999_cpu_ops
d40c7bae09509dc04fa8ce0138f46900,5939082,,,6029312,0,PARTIAL,partial_999_cpu_ops
d449e273799fddc0dc167f1c42b3497b,7871626,,,7927234,0,PARTIAL,partial_999_cpu_ops
d4c2ba36cf7f5a18133886d4fb06f26a,6773642,,,6847201,0,PARTIAL,partial_999_cpu_ops
d5d6397dc8e7a07441d565662a61bef3,1069340,,,1373634,0,PARTIAL,partial_999_cpu_ops
d60b34a41e93a34223bbe48371ead7d3,3534199,,,4404019,0,PARTIAL,partial_999_cpu_ops
d6117ac0727b027348bb056759b3315a,8135050,,,7895777,297472,PARTIAL,partial_999_cpu_ops
d64330dd1ea0541471bfa08f9d7ad009,10188682,,,7853834,2380267,PARTIAL,partial_999_cpu_ops
d648a3844908aa19dc9385b9f4f790f4,4555612,,,5683281,0,PARTIAL,partial_999_cpu_ops
d659906577ed785b207435980424f250,10199434,,,7906263,2359296,PARTIAL,partial_999_cpu_ops
d6c124aba638334ac6cee7489841ffa2,10462858,,,8032092,2495610,PARTIAL,partial_999_cpu_ops
d6f3d6ba803c8de082ac11bf70ac7b43,3742858,,,3795845,0,PARTIAL,partial_999_cpu_ops
d727d54d6c752cf42f7aded2b2cc7b80,832413,,,1080033,0,PARTIAL,partial_999_cpu_ops
d739e62e8a2418339b967173f318a4df,5367690,,,5421137,0,PARTIAL,partial_999_cpu_ops
d770fd35074cc3ef7dd76e1f96fd1946,4006282,,,4068474,0,PARTIAL,partial_999_cpu_ops
d7bd21d7a9ef6ce35ad0ce05ebeb1829,5543818,,,5599395,0,PARTIAL,partial_999_cpu_ops
d7e9e3c65e3b93c7114f34b6cbadd6e7,2503003,,,3114270,0,PARTIAL,partial_999_cpu_ops
d8122813748cebcc0b7a8839f495e388,1301292,,,2495610,0,PARTIAL,partial_999_cpu_ops
d8247320433d41c895e88548b5b4820c,6246794,,,6312427,0,PARTIAL,partial_999_cpu_ops
d86ff6f4644cbcb23c4df79be36a890f,1696570,,,2139095,0,PARTIAL,partial_999_cpu_ops
d8720cf71455c485e0681eec0efc0901,1582141,,,1992294,0,PARTIAL,partial_999_cpu_ops
d8a2a0704d6936ae39e84438d52c384c,8135050,,,8032092,166400,PARTIAL,partial_999_cpu_ops
d8ebc601b5da07b82b1e0f29dbf4ffd5,3039882,,,3082813,0,PARTIAL,partial_999_cpu_ops
d8f10eace4b69883d6652114c7d3431d,14032778,,,7864320,6259998,PARTIAL,partial_999_cpu_ops
d90d77bd03a3eae63cb33212bc576b1c,14196618,,,8032092,6259998,PARTIAL,partial_999_cpu_ops
d9461391e61ceeac5a11a12c9d9f6aac,834101,,,1080033,0,PARTIAL,partial_999_cpu_ops
d984ccdb72739e3717e3309f0aebf9c1,31754634,,,8021606,23834132,PARTIAL,partial_999_cpu_ops
d98fc5a029389cee389e94c6f37b0503,4445834,,,4508876,0,PARTIAL,partial_999_cpu_ops
d9a6295bbadec2b1101b82fcb37e49b8,12110730,,,8021606,4162846,PARTIAL,partial_999_cpu_ops
d9b7c55d59734ccf8326b76d0c789e1d,1702501,,,2139095,0,PARTIAL,partial_999_cpu_ops
d9f4c44e48ec5b137847dd1ab5cf999b,8135050,,,7979663,217600,PARTIAL,partial_999_cpu_ops
da189fa95f075497f9d4be190ebc86f8,32633738,,,7906263,24840765,PARTIAL,partial_999_cpu_ops
da64b84922d9d2bbaf218f3c42eb69c8,3382107,,,5064622,0,PARTIAL,partial_999_cpu_ops
da88316c603c5c0acac90a5ed06d7d9b,656650,,,858368,0,PARTIAL,partial_999_cpu_ops
daa04c99428f1e8e209b044925bbe453,23497098,,,7906263,15697182,PARTIAL,partial_999_cpu_ops
db34a957b2ff14cb155c0ea81bf4db87,3566730,,,3628072,0,PARTIAL,partial_999_cpu_ops
dbbbf73630874fcf19e5882a333c8f83,12966794,,,8032092,5012193,PARTIAL,partial_999_cpu_ops
dc0f4db6c382d06662b2bd2d1af3a207,4445834,,,4508876,0,PARTIAL,partial_999_cpu_ops
dc21d50c0ea1d027fc487fbfbabbdf46,2974090,,,3040870,0,PARTIAL,partial_999_cpu_ops
dcdc3948b943b4377e2b0baf50459f99,21411210,,,7853834,13641973,PARTIAL,partial_999_cpu_ops
dd23734c1a919843f0268d96a0445e97,830586,,,1080033,0,PARTIAL,partial_999_cpu_ops
dda44a301f1c2030ee7e0f6923c0b9fa,10023306,,,7906263,2181038,PARTIAL,partial_999_cpu_ops
ddf669ff1dbf4454922a524df32e27b4,1151626,,,1195376,0,PARTIAL,partial_999_cpu_ops
de4e842d79b6e1fc0ed6e7ffd24ee52d,15075722,,,7864320,7319060,PARTIAL,partial_999_cpu_ops
deba30fb74ccd63de350edf798e6d0cd,5807242,,,5861539,0,PARTIAL,partial_999_cpu_ops
df19b7e9308a78486fa0b0374507f987,19489162,,,7790919,11765022,PARTIAL,partial_999_cpu_ops
df564abc783e4942e2f9492cb8173572,28789642,,,8021606,20845690,PARTIAL,partial_999_cpu_ops
e019e10875ae9981426e349e4c21f4b2,30711690,,,8032092,22775070,PARTIAL,partial_999_cpu_ops
e023422e143010f04583a26cadcbd88c,2632240,,,4141875,0,PARTIAL,partial_999_cpu_ops
e092d43820b08fe53aa2ba6e2395850a,30711690,,,7906263,22900899,PARTIAL,partial_999_cpu_ops
e09c915a4a4798c2bb9bc2d2222887de,888202,,,928768,0,PARTIAL,partial_999_cpu_ops
e0e95c85c9ece1eb0443ca4564a17337,4732298,,,4812963,0,PARTIAL,partial_999_cpu_ops
e11345336a258038a60b4ee14b0b63ec,1740447,,,2202009,0,PARTIAL,partial_999_cpu_ops
e1905b031520aca7bf8f052aebb222a2,3853194,,,3921674,0,PARTIAL,partial_999_cpu_ops
e2317031edbcb3e2148b8cfb105e53a6,13153674,,,7864320,5368709,PARTIAL,partial_999_cpu_ops
e2d787062ed9ea083cbc441ea26d1c55,22454154,,,8021606,14522777,PARTIAL,partial_999_cpu_ops
e3616002befab7ab5bfc8b0519df98ce,4006282,,,4068474,0,PARTIAL,partial_999_cpu_ops
e3988770800f3e8dc33afdccc9eaba48,421663,,,557312,0,PARTIAL,partial_999_cpu_ops
e3ba772b6ebbd0820e63a275856d3a35,6510218,,,6574571,0,PARTIAL,partial_999_cpu_ops
e41f9486ea310471ad4bce8933e67224,3853194,,,3921674,0,PARTIAL,partial_999_cpu_ops
e4c6dbcf55cae25268c414a0bdc621ec,888202,,,928768,0,PARTIAL,partial_999_cpu_ops
e56d77ed1d5634b48167397e5549248d,5983370,,,6039797,0,PARTIAL,partial_999_cpu_ops
e583d8c73fe8193b263b96f91caf0097,4621962,,,4687134,0,PARTIAL,partial_999_cpu_ops
e5a8038201ff317594fa62c45ecd2d05,12110730,,,7969177,4215275,PARTIAL,partial_999_cpu_ops
e5cad1ddc356cbc04f10d332c725920a,10199434,,,8032092,2233466,PARTIAL,partial_999_cpu_ops
e67378a54a25f33ee0ebd4758b268749,12110730,,,7864320,4320133,PARTIAL,partial_999_cpu_ops
e6dd2e20b0e538e48ddbdd8d494dab30,888202,,,928768,0,PARTIAL,partial_999_cpu_ops
e712e30e0a5c50fb6df76f10c96b8252,6510218,,,6574571,0,PARTIAL,partial_999_cpu_ops
e74a9b5637bd5660b3e1538bf5a8348d,14032778,,,8032092,6092226,PARTIAL,partial_999_cpu_ops
e773a7a186b03b0957d57fed0f4d014a,448650,,,483840,0,PARTIAL,partial_999_cpu_ops
e7f31293566724324d3ccc875f097f01,2776458,,,2820669,0,PARTIAL,partial_999_cpu_ops
e83661302ea89bc69e03d6ef3941449d,4006282,,,4068474,0,PARTIAL,partial_999_cpu_ops
e87bdd0d8c14d7bb29f7943e86b94da2,6510218,,,6574571,0,PARTIAL,partial_999_cpu_ops
e8a5ec87a4930851f02349c0cf821dcc,21411210,,,7853834,13641973,PARTIAL,partial_999_cpu_ops
e8dcca075e681e84f571db2efc3ec40f,5367690,,,5421137,0,PARTIAL,partial_999_cpu_ops
e8f745e783f883609a4aec032a322e82,2381450,,,2453667,0,PARTIAL,partial_999_cpu_ops
e93033cedc8cb8fde8def99187fa9a90,2619709,,,3271557,0,PARTIAL,partial_999_cpu_ops
e9cd98d393a4efa49904cd6b43ab9f50,14032778,,,8021606,6102712,PARTIAL,partial_999_cpu_ops
ea4a1885508c0b236fe14f88d0773248,19489162,,,7853834,11691622,PARTIAL,partial_999_cpu_ops
ea54a4d9ef124d726e7a084dbeee70d6,6818186,,,6920601,0,PARTIAL,partial_999_cpu_ops
eacca41810928075c5520412678e1d6f,4095114,,,4152360,0,PARTIAL,partial_999_cpu_ops
eae2760c635ecba5f24e74377fa3dc07,3662956,,,4550819,0,PARTIAL,partial_999_cpu_ops
eaefd4d11cad9513a6bfbf675804983d,4576396,,,5683281,0,PARTIAL,partial_999_cpu_ops
eb2e7682970067c40aa7af44d5e627ea,8838026,,,8032092,879104,PARTIAL,partial_999_cpu_ops
eb439b5f7d408c2d4f034fec0ad2d8e0,5631114,,,5683281,0,PARTIAL,partial_999_cpu_ops
eb7e2ac6e1c5b3218d8ea1e9f8cc1b33,2294154,,,2359296,0,PARTIAL,partial_999_cpu_ops
eb88cca91eb77beb19f50126349a8605,2974090,,,3040870,0,PARTIAL,partial_999_cpu_ops
ebac81bdb8f5d131644eef19005ea271,2030730,,,2086666,0,PARTIAL,partial_999_cpu_ops
ebace7e7ec5181756a89450508986151,5631114,,,5683281,0,PARTIAL,partial_999_cpu_ops
ebae67dbca44bd8e9edbf269ddadd76a,14032778,,,7906263,6218055,PARTIAL,partial_999_cpu_ops
ebc4564768c3236c93f2b21f02e0ddd3,8135050,,,8032092,166400,PARTIAL,partial_999_cpu_ops
ec63a326161d51fac57d66ea463d1b8e,13153674,,,7853834,5379194,PARTIAL,partial_999_cpu_ops
ecc70329e3c8132ededb3e614c99459c,6246794,,,6312427,0,PARTIAL,partial_999_cpu_ops
ece70dffadf532dc5849678b88a3a3fb,7871626,,,7895777,31744,PARTIAL,partial_999_cpu_ops
ecf18a19fed3f12b6f516182dca9710e,975498,,,1021440,0,PARTIAL,partial_999_cpu_ops
ed56282d8e234fa03130e028474f57f8,2780228,,,3491758,0,PARTIAL,partial_999_cpu_ops
ed6b52901d9d5c6fb39e9f59833969ae,2490952,,,3114270,0,PARTIAL,partial_999_cpu_ops
ed8fa06d9f0b0ad8f45c22916d6c61f7,1814578,,,2285895,0,PARTIAL,partial_999_cpu_ops
ee28f560654617e3e995470c56839a77,1623077,,,2055208,0,PARTIAL,partial_999_cpu_ops
ee2da367688cdf6ca0f971c50af1daec,1876173,,,2359296,0,PARTIAL,partial_999_cpu_ops
ee7352572d1fe6d96f755c23ba85dce7,6686346,,,6752829,0,PARTIAL,partial_999_cpu_ops
ee8008368a7c68c918635cc8bd6bef24,3742858,,,3795845,0,PARTIAL,partial_999_cpu_ops
ee8de2d839492318ca5e2c8a9cdbfa4e,12110730,,,7864320,4320133,PARTIAL,partial_999_cpu_ops
ef09f6a846e6c451db6a0ede9a229508,2791754,,,3491758,0,PARTIAL,partial_999_cpu_ops
ef4e122586af81af81e59d7a5fe852b4,8311178,,,7906263,465408,PARTIAL,partial_999_cpu_ops
ef66ad59bfdc3b67ebf85282f0023bfc,3742858,,,3795845,0,PARTIAL,partial_999_cpu_ops
ef694b3b1bae2ad0744428f50fbd3428,15075722,,,7864320,7319060,PARTIAL,partial_999_cpu_ops
f0a9ffead5896eb67f55e754b787df34,1415050,,,1468006,0,PARTIAL,partial_999_cpu_ops
f0c9d1e5015d7241fa317d8faaad89be,7695498,,,7748976,0,PARTIAL,partial_999_cpu_ops
f1f3b13f2bd9902b17b99e2e5c3793cf,2903390,,,3638558,0,PARTIAL,partial_999_cpu_ops
f214e14c0f4c5c4e0f4f063de6ce4f5b,4861043,,,6050283,0,PARTIAL,partial_999_cpu_ops
f28ae524c59c34448f690570c75b8921,5807242,,,5861539,0,PARTIAL,partial_999_cpu_ops
f29fd2bdc03f5a8989c71075d380ec32,10188682,,,7853834,2380267,PARTIAL,partial_999_cpu_ops
f2a2bbded855904b3b1e60d599e3c2dc,1448755,,,1835008,0,PARTIAL,partial_999_cpu_ops
f2bf6cacc836e8ff51766fcef9716a86,1072344,,,1373634,0,PARTIAL,partial_999_cpu_ops
f2cc97433654486df6c963e51f4dfd6f,13153674,,,8032092,5200936,PARTIAL,partial_999_cpu_ops
f2e929040a2e3997ef1cca09c24fcd63,3742858,,,3795845,0,PARTIAL,partial_999_cpu_ops
f30caa74b7fb37f137530a80d57497f3,3825366,,,4771020,0,PARTIAL,partial_999_cpu_ops
f32ee2bedfcc64d4aab77d6cb2ab7d2f,888202,,,928768,0,PARTIAL,partial_999_cpu_ops
f34e759058f459e13720e99458ba704a,10199434,,,8032092,2233466,PARTIAL,partial_999_cpu_ops
f38b7aac62ef3b0c7660c515ec9a2e67,4017034,,,4089446,0,PARTIAL,partial_999_cpu_ops
f38df1441545abd5a543b0e1ea1b9687,3742858,,,3795845,0,PARTIAL,partial_999_cpu_ops
f3b6690740bd363db9f2ec37ed01bd12,1615242,,,1740636,0,PARTIAL,partial_999_cpu_ops
f411a6c6997b344890a812d0018013e6,14032778,,,7864320,6259998,PARTIAL,partial_999_cpu_ops
f499c2a70fcae3d1ea881fa45d07e2b4,3742858,,,3795845,0,PARTIAL,partial_999_cpu_ops
f50f9ba3776d5711cfd291624b0b11cc,2782644,,,3491758,0,PARTIAL,partial_999_cpu_ops
f5367826158a961af9d90baf1c87c2da,20368266,,,7853834,12582912,PARTIAL,partial_999_cpu_ops
f5376f9b94d32a4bbc807b78e7b8d3cd,656125,,,858368,0,PARTIAL,partial_999_cpu_ops
f54e2d5671f531b036009e919d5d46a9,41770378,,,8032092,33858519,PARTIAL,partial_999_cpu_ops
f559dba143654abdbcf9cbad9c1883f9,5543818,,,5599395,0,PARTIAL,partial_999_cpu_ops
f575f11dc6418749f4a7fbe1ba85fd68,5807242,,,5861539,0,PARTIAL,partial_999_cpu_ops
f5932686e6f76e752739a82c0195d88f,3039882,,,3082813,0,PARTIAL,partial_999_cpu_ops
f5b9b79adb114a4a6944c0b46fa1aff0,22290314,,,7864320,14522777,PARTIAL,partial_999_cpu_ops
f5d1ee732533b9317ae8820af664da43,1990727,,,2506096,0,PARTIAL,partial_999_cpu_ops
f61401f2699068bc34583065c0f82d09,22454154,,,8032092,14512291,PARTIAL,partial_999_cpu_ops
f627608694b88eeacc8253f51060b857,1857678,,,2359296,0,PARTIAL,partial_999_cpu_ops
f65ccd24829156b6fc964b6588adae34,3479434,,,3533701,0,PARTIAL,partial_999_cpu_ops
f68de672564ddefc30c9366e5aae1bfe,23333258,,,7906263,15529410,PARTIAL,partial_999_cpu_ops
f695bddd6660304cb27b7cefffe9c3cb,2332938,,,2495610,0,PARTIAL,partial_999_cpu_ops
f71bcc4ab92f2f353f6dd7e0bc386d70,5104266,,,5148508,0,PARTIAL,partial_999_cpu_ops
f72dbf1a8be774259d5d37c90693a918,38090122,,,7895777,30272389,PARTIAL,partial_999_cpu_ops
f79061c4679484779255ec78c54f0cab,6510218,,,6574571,0,PARTIAL,partial_999_cpu_ops
f792a49cba6c47c50c1838c10e6d6a76,2337558,,,3774873,0,PARTIAL,partial_999_cpu_ops
f835440e81485362082395859d0987de,5807242,,,5861539,0,PARTIAL,partial_999_cpu_ops
f839042238079ef1639bed80fc7b6423,7695498,,,7748976,0,PARTIAL,partial_999_cpu_ops
f855024dab425fb633b79b99c14f6c6f,2790066,,,3491758,0,PARTIAL,partial_999_cpu_ops
f87450c79234a89c0965595e47d65398,8574602,,,7895777,741376,PARTIAL,partial_999_cpu_ops
f8d6fa2722e16ea30e77e7d272e78375,2810250,,,2873098,0,PARTIAL,partial_999_cpu_ops
f8e7dff2bc55b4f3b4d911787fa5ee06,22454154,,,7895777,14648606,PARTIAL,partial_999_cpu_ops
f923109a416feecf9bc5a6ae98cc3c69,19489162,,,7790919,11765022,PARTIAL,partial_999_cpu_ops
fa45f7c87cb218445e188cc2ea41e89c,1870892,,,2359296,0,PARTIAL,partial_999_cpu_ops
fa9d6216024458ea636b391ba8d4d9a2,2269591,,,2873098,0,PARTIAL,partial_999_cpu_ops
faa6da412ca93df4648fc5b4deb94913,12110730,,,7864320,4320133,PARTIAL,partial_999_cpu_ops
faaf733e64d40eb34c34eed272e40d9b,1166346,,,1268776,0,PARTIAL,partial_999_cpu_ops
fb4326b6d385f993f878531f82278fb0,22290314,,,7864320,14522777,PARTIAL,partial_999_cpu_ops
fc015f1f7db46316a77c9158283d2816,3690678,,,4613734,0,PARTIAL,partial_999_cpu_ops
fc0a8da602b989aa622f1f3428b34d23,4896138,,,4980736,0,PARTIAL,partial_999_cpu_ops
fc0a95d2974d93a2e7b14ffa24579e3a,12966794,,,8032092,5012193,PARTIAL,partial_999_cpu_ops
fc41ef9b2bce1764654dc9f0975f75da,31590794,,,7864320,23834132,PARTIAL,partial_999_cpu_ops
fc42aef154235f2c6cc2b2a55df465b8,4182410,,,4246732,0,PARTIAL,partial_999_cpu_ops
fca3d3671f135e0347cd3688f3f34cad,10188682,,,7790919,2453667,PARTIAL,partial_999_cpu_ops
fcc1e77f36eb12f3fbecee43a084cd65,4095114,,,4152360,0,PARTIAL,partial_999_cpu_ops
fcd7b46541d43d41d7fb2eb45888a3bd,13153674,,,7864320,5368709,PARTIAL,partial_999_cpu_ops
fd19255f3c4904f64809069de5230d6b,21575050,,,7969177,13683916,PARTIAL,partial_999_cpu_ops
fd663009d1b174af92226267eb251e82,3742858,,,3795845,0,PARTIAL,partial_999_cpu_ops
fd83b620cd62fa6e920ad14214ae9dc8,22454154,,,7864320,14680064,PARTIAL,partial_999_cpu_ops
feab8d2a5346b73b648752a2f8a3afb4,5543818,,,5599395,0,PARTIAL,partial_999_cpu_ops
febdd80a25f81f4500840977962e6091,4358538,,,4424990,0,PARTIAL,partial_999_cpu_ops
fec1892b1361b3b2a5b9e5275c65e15b,8838026,,,8032092,879104,PARTIAL,partial_999_cpu_ops
feed1719cca17d0201582220097bc1fc,5807242,,,5861539,0,PARTIAL,partial_999_cpu_ops
ff72892816559bc53a6b78f94dc61381,8750730,,,7979663,836608,PARTIAL,partial_999_cpu_ops
ff77f2263d52b6f331a9aa3566825d0e,21247370,,,8021606,13306429,PARTIAL,partial_999_cpu_ops
