hash,params,tflite_file,tflite_bytes,status
043721b9c7fe8c5fad811d47d83132ec,888202,043721b9c7fe8c5fad811d47d83132ec.tflite,955440,converted
53cee42601ad14d661bb6878031d6acb,888202,53cee42601ad14d661bb6878031d6acb.tflite,957560,converted
e4c6dbcf55cae25268c414a0bdc621ec,888202,e4c6dbcf55cae25268c414a0bdc621ec.tflite,959688,converted
d1269d9156ddc027c40473008192958a,1931146,d1269d9156ddc027c40473008192958a.tflite,2056640,converted
6bb3a5f158c57162b2a9671a1402725f,1931146,6bb3a5f158c57162b2a9671a1402725f.tflite,2058768,converted
6adf09ef60d9568b0c5ce41d788a41bc,1931146,6adf09ef60d9568b0c5ce41d788a41bc.tflite,2058768,converted
6f6257bc3b12d87b8736e81cd4b7ed8b,1767306,6f6257bc3b12d87b8736e81cd4b7ed8b.tflite,1897120,converted
278a65c91e279624407615a84f3282c4,2974090,278a65c91e279624407615a84f3282c4.tflite,3157848,converted
09fc2d10bdd6225e167a6f81a22a3f06,2810250,09fc2d10bdd6225e167a6f81a22a3f06.tflite,2996200,converted
b49ac8c578b4561d79ac7087988f1c61,10188682,b49ac8c578b4561d79ac7087988f1c61.tflite,10314176,converted
fca3d3671f135e0347cd3688f3f34cad,10188682,fca3d3671f135e0347cd3688f3f34cad.tflite,10316304,converted
3835552b2806f980e414bef37786ea06,10188682,3835552b2806f980e414bef37786ea06.tflite,10316304,converted
3407944b22d4b1d0cccbd8e070424ce4,3039882,3407944b22d4b1d0cccbd8e070424ce4.tflite,3143208,converted
c122367432b22688bc63c2f329bf5286,712074,c122367432b22688bc63c2f329bf5286.tflite,786144,converted
2f46c9d2f1cff176f34a2295c49822bc,3039882,2f46c9d2f1cff176f34a2295c49822bc.tflite,3143208,converted
76e95ff773019375ce55737d623dea78,2810250,76e95ff773019375ce55737d623dea78.tflite,2998248,converted
d0a5ff67e269a1ac4f305c618a88ac85,11231626,d0a5ff67e269a1ac4f305c618a88ac85.tflite,11415384,converted
96794a104891b22bf4f2abbdd7c3e90f,11231626,96794a104891b22bf4f2abbdd7c3e90f.tflite,11415384,converted
d32d0b26d534203b48d866facd98cc3e,11067786,d32d0b26d534203b48d866facd98cc3e.tflite,11253736,converted
71e29ecde1db1f6344801d69c75ed954,888202,71e29ecde1db1f6344801d69c75ed954.tflite,961808,converted
79ac0ca945869f05b1fc34f4110f67d3,975498,79ac0ca945869f05b1fc34f4110f67d3.tflite,1078824,converted
08677281806ea9c8ea2451ce3093e9c3,888202,08677281806ea9c8ea2451ce3093e9c3.tflite,964616,converted
852f21047c2aa03cb1fde04587083228,19489162,852f21047c2aa03cb1fde04587083228.tflite,19672920,converted
471546730eff6ba24d163061e4029d13,3853194,471546730eff6ba24d163061e4029d13.tflite,4097400,converted
683d2f0f319573826904fad060a1895a,11067786,683d2f0f319573826904fad060a1895a.tflite,11255856,converted
e7f31293566724324d3ccc875f097f01,2776458,e7f31293566724324d3ccc875f097f01.tflite,2850528,converted
90e3f5faec3240ddfee38a004cead72a,1931146,90e3f5faec3240ddfee38a004cead72a.tflite,2060888,converted
e773a7a186b03b0957d57fed0f4d014a,448650,e773a7a186b03b0957d57fed0f4d014a.tflite,493464,converted
ac9bd0e2514c031187b612db767fb038,1151626,ac9bd0e2514c031187b612db767fb038.tflite,1257296,converted
01b1828b5dca8f8444035094ec798c70,11231626,01b1828b5dca8f8444035094ec798c70.tflite,11417504,converted
0ee493fe7bb618a0ae642840558f62a0,1767306,0ee493fe7bb618a0ae642840558f62a0.tflite,1899240,converted
771a888531d1c59b6c81308ef2a8dad7,11231626,771a888531d1c59b6c81308ef2a8dad7.tflite,11417504,converted
229ad37fca0db5be24bfcce9cb434885,12110730,229ad37fca0db5be24bfcce9cb434885.tflite,12354936,converted
18e7e3d39b5b57052ca70818bd8382e4,20532106,18e7e3d39b5b57052ca70818bd8382e4.tflite,20774120,converted
2f0e3ffd9e4576589b4a0a21bf2bf01d,2974090,2f0e3ffd9e4576589b4a0a21bf2bf01d.tflite,3159968,converted
f38b7aac62ef3b0c7660c515ec9a2e67,4017034,f38b7aac62ef3b0c7660c515ec9a2e67.tflite,4259048,converted
2c8251c708c98122e003a8b7e6e1b7cc,19489162,2c8251c708c98122e003a8b7e6e1b7cc.tflite,19675040,converted
6047adcded92b5d8126a9cc34054624b,20532106,6047adcded92b5d8126a9cc34054624b.tflite,20774120,converted
47bb419c2869c624c3d65fd16d87e5be,1931146,47bb419c2869c624c3d65fd16d87e5be.tflite,2060888,converted
aed6c55f69f51f50a3ccaccfc9671bba,20532106,aed6c55f69f51f50a3ccaccfc9671bba.tflite,20774120,converted
9205f3085fe97cb7a47783c3bbc01eab,5543818,9205f3085fe97cb7a47783c3bbc01eab.tflite,5678744,converted
70cec3d45475d0428b47a6143a0c9370,11067786,70cec3d45475d0428b47a6143a0c9370.tflite,11255856,converted
b9d626506f441e7dff83e31537491aa6,11231626,b9d626506f441e7dff83e31537491aa6.tflite,11417504,converted
e5a8038201ff317594fa62c45ecd2d05,12110730,e5a8038201ff317594fa62c45ecd2d05.tflite,12354864,converted
702ddef6b5b7f659ef1ed38652d91115,2810250,702ddef6b5b7f659ef1ed38652d91115.tflite,2998320,converted
a6a4c66cdd64789c73aae44ce88ee90d,2810250,a6a4c66cdd64789c73aae44ce88ee90d.tflite,2998248,converted
66ea4e36f994d4bf11102cbef10a3cb1,12110730,66ea4e36f994d4bf11102cbef10a3cb1.tflite,12354936,converted
bb60c46f5b7c352b7900043c5ef7e0a7,2810250,bb60c46f5b7c352b7900043c5ef7e0a7.tflite,2998320,converted
3283061ebb976602b31602ffe86eef8b,11231626,3283061ebb976602b31602ffe86eef8b.tflite,11417504,converted
8810708382e7993dff9f4fb2742d3635,2974090,8810708382e7993dff9f4fb2742d3635.tflite,3159968,converted
81f5a40841c2dfc0dcad2cf76c88e80e,712074,81f5a40841c2dfc0dcad2cf76c88e80e.tflite,786144,converted
6121a9c53be4670899be1b8e2d6917f3,10188682,6121a9c53be4670899be1b8e2d6917f3.tflite,10318424,converted
485943408e2aa972c421eee9a185d7fa,2974090,485943408e2aa972c421eee9a185d7fa.tflite,3159968,converted
232b900e952d86a83b0ff85c0a22cca0,12110730,232b900e952d86a83b0ff85c0a22cca0.tflite,12354864,converted
c1dba24fc08f29b230d7d3c098c9517c,28789642,c1dba24fc08f29b230d7d3c098c9517c.tflite,29031656,converted
168e95938db8e7c52112e58c0f292079,1415050,168e95938db8e7c52112e58c0f292079.tflite,1549976,converted
6f26dc0c4fe9591225e8d3d24ed4f8a6,2776458,6f26dc0c4fe9591225e8d3d24ed4f8a6.tflite,2850528,converted
7c65f6bd01b87407734781b6038050bc,3216010,7c65f6bd01b87407734781b6038050bc.tflite,3321680,converted
8cb3a764fd692371153c2c8503f840e0,11067786,8cb3a764fd692371153c2c8503f840e0.tflite,11255784,converted
c59a0ed79aeed758107f1cb22dd90432,10188682,c59a0ed79aeed758107f1cb22dd90432.tflite,10318424,converted
32b26a4044bf082b0ad80f5dad618d76,11231626,32b26a4044bf082b0ad80f5dad618d76.tflite,11417504,converted
8cde6d91c55887e02d1e539a4158519d,12274570,8cde6d91c55887e02d1e539a4158519d.tflite,12516584,converted
c49e4ac9841c77d6b5c8868bf48f8829,3039882,c49e4ac9841c77d6b5c8868bf48f8829.tflite,3145336,converted
8ce7a157bb8325e06b4979c5ad77d620,3039882,8ce7a157bb8325e06b4979c5ad77d620.tflite,3145336,converted
31d1039b23e8e5454fcc96406b9c94e5,1151626,31d1039b23e8e5454fcc96406b9c94e5.tflite,1259200,converted
47fb5adadfc9f8a75e3de789f7591943,3853194,47fb5adadfc9f8a75e3de789f7591943.tflite,4097328,converted
115c3dfab6fd1231dd465ca5a0d5b507,3303306,115c3dfab6fd1231dd465ca5a0d5b507.tflite,3438016,converted
80085ddd7dff0364c3e10ac6a704758f,975498,80085ddd7dff0364c3e10ac6a704758f.tflite,1080952,converted
a7566f2090f0f83d77330a8c572c6402,19489162,a7566f2090f0f83d77330a8c572c6402.tflite,19675040,converted
c18167dbad42bf4b495860c48908c0c8,3039882,c18167dbad42bf4b495860c48908c0c8.tflite,3145336,converted
2af739975919c70aeb3220cf342a675e,3853194,2af739975919c70aeb3220cf342a675e.tflite,4099456,converted
7cb9fc92003fb6d5663423001409b318,12274570,7cb9fc92003fb6d5663423001409b318.tflite,12516584,converted
66344e4ea26195131f153b084f6e0bf2,12274570,66344e4ea26195131f153b084f6e0bf2.tflite,12516584,converted
f923109a416feecf9bc5a6ae98cc3c69,19489162,f923109a416feecf9bc5a6ae98cc3c69.tflite,19677168,converted
6de8637c0412a2ba7c41625f911597b5,2776458,6de8637c0412a2ba7c41625f911597b5.tflite,2850528,converted
e09c915a4a4798c2bb9bc2d2222887de,888202,e09c915a4a4798c2bb9bc2d2222887de.tflite,966520,converted
d8ebc601b5da07b82b1e0f29dbf4ffd5,3039882,d8ebc601b5da07b82b1e0f29dbf4ffd5.tflite,3145336,converted
5298f5d306fd2e28bdf51009b4366933,5104266,5298f5d306fd2e28bdf51009b4366933.tflite,5209720,converted
5e464b4fec4ea5de037a5430b21532dd,19489162,5e464b4fec4ea5de037a5430b21532dd.tflite,19677168,converted
bce637b42a97ffd878015bb681c21f0e,2810250,bce637b42a97ffd878015bb681c21f0e.tflite,3000376,converted
81653de2d99676fa3d377640124a73ab,1591178,81653de2d99676fa3d377640124a73ab.tflite,1727760,converted
1ca7a0759b04e3e871b9391849ff5914,2776458,1ca7a0759b04e3e871b9391849ff5914.tflite,2852656,converted
0cc9426bf35e6e110d77bb8fbca177ba,10188682,0cc9426bf35e6e110d77bb8fbca177ba.tflite,10320552,converted
43fc3bf243c6371bfcc4e94173803ba0,712074,43fc3bf243c6371bfcc4e94173803ba0.tflite,788272,converted
a2193374d95ee8c3705d8c70065389e6,12989834,a2193374d95ee8c3705d8c70065389e6.tflite,13294392,converted
e67378a54a25f33ee0ebd4758b268749,12110730,e67378a54a25f33ee0ebd4758b268749.tflite,12356992,converted
accc89fbbf20834663bf78d836746304,2776458,accc89fbbf20834663bf78d836746304.tflite,2852656,converted
03d84046b0ce567b2b59e85903aa2f5f,6422922,03d84046b0ce567b2b59e85903aa2f5f.tflite,6620352,converted
675777ecb1daff61b6917d833406cb82,4358538,675777ecb1daff61b6917d833406cb82.tflite,4555968,converted
8dd13a561a5d593fdc828306b10a4e60,712074,8dd13a561a5d593fdc828306b10a4e60.tflite,788272,converted
907802d27f786475545b76371b5b5da9,12110730,907802d27f786475545b76371b5b5da9.tflite,12356992,converted
b9004ebdd029b077bc3e6cdb7da692d4,2974090,b9004ebdd029b077bc3e6cdb7da692d4.tflite,3161872,converted
a4e403d5785a95fc72191cff16a321a6,21575050,a4e403d5785a95fc72191cff16a321a6.tflite,21875328,converted
82e63bfa68c8214e5945c9cff5e37a17,3853194,82e63bfa68c8214e5945c9cff5e37a17.tflite,4099456,converted
654692dd64411ca0a2cc2ee12897f201,1151626,654692dd64411ca0a2cc2ee12897f201.tflite,1259416,converted
035fafd24973204e35ccb92ad464a20c,5104266,035fafd24973204e35ccb92ad464a20c.tflite,5209720,converted
f2cc97433654486df6c963e51f4dfd6f,13153674,f2cc97433654486df6c963e51f4dfd6f.tflite,13456144,converted
3db7e20184e417b4eb1718c5846356a6,1151626,3db7e20184e417b4eb1718c5846356a6.tflite,1259200,converted
5498ba534c256c9d086596e2b51cf170,3216010,5498ba534c256c9d086596e2b51cf170.tflite,3323584,converted
3fe26428539ebec46fefa9988bc37a1e,13153674,3fe26428539ebec46fefa9988bc37a1e.tflite,13456144,converted
4331dcea84aac5eee8903a76697406c3,3853194,4331dcea84aac5eee8903a76697406c3.tflite,4099528,converted
ca548741288594b4f10bdf4055a25741,11231626,ca548741288594b4f10bdf4055a25741.tflite,11419408,converted
c74c8d67773abccbc200595da0a84f13,4017034,c74c8d67773abccbc200595da0a84f13.tflite,4260952,converted
529d37700ebe8ec1fc1bf204acaf424f,19489162,529d37700ebe8ec1fc1bf204acaf424f.tflite,19676944,converted
ca6562bcffc352e5e28fb9f67556abbf,20532106,ca6562bcffc352e5e28fb9f67556abbf.tflite,20776248,converted
6ed519887232b15a95c625ad0b2c1bb1,5543818,6ed519887232b15a95c625ad0b2c1bb1.tflite,5680648,converted
f32ee2bedfcc64d4aab77d6cb2ab7d2f,888202,f32ee2bedfcc64d4aab77d6cb2ab7d2f.tflite,963936,converted
1a23d766bc88a66c08a77daa62511899,11946890,1a23d766bc88a66c08a77daa62511899.tflite,12195312,converted
243037e12607b17d7f6704fcee4054af,1327754,243037e12607b17d7f6704fcee4054af.tflite,1435080,converted
040f0b5b968c899f85671d96eeb43c10,11231626,040f0b5b968c899f85671d96eeb43c10.tflite,11419632,converted
df19b7e9308a78486fa0b0374507f987,19489162,df19b7e9308a78486fa0b0374507f987.tflite,19677168,converted
6e1a50a62823c2d9ac528de427d2a6b3,2776458,6e1a50a62823c2d9ac528de427d2a6b3.tflite,2854560,converted
15392df31d78737912a7fb12485d4cd6,2974090,15392df31d78737912a7fb12485d4cd6.tflite,3162096,converted
deba30fb74ccd63de350edf798e6d0cd,5807242,deba30fb74ccd63de350edf798e6d0cd.tflite,5973544,converted
2e4bceda92325ada53fd79c859247925,712074,2e4bceda92325ada53fd79c859247925.tflite,790392,converted
11ce5773627a6bc429030308a0a119ff,5543818,11ce5773627a6bc429030308a0a119ff.tflite,5680864,converted
4e67963454ee05f080ee6e8d44c018df,3479434,4e67963454ee05f080ee6e8d44c018df.tflite,3618384,converted
c2b22d3746fd4e2e9e2798aef348e8cf,12110730,c2b22d3746fd4e2e9e2798aef348e8cf.tflite,12356992,converted
b8c821682443b314c913878f9febe926,13153674,b8c821682443b314c913878f9febe926.tflite,13456072,converted
fcc1e77f36eb12f3fbecee43a084cd65,4095114,fcc1e77f36eb12f3fbecee43a084cd65.tflite,4265160,converted
30076d2dd87fd2d84f81d0e03f377c05,5983370,30076d2dd87fd2d84f81d0e03f377c05.tflite,6153920,converted
4e9072c02fe6511295d0dbe82c74e989,1750146,4e9072c02fe6511295d0dbe82c74e989.tflite,1853544,converted
9cdc8d7d74f726a82ca50f89f295d6d2,5059978,9cdc8d7d74f726a82ca50f89f295d6d2.tflite,5362376,converted
bd7f38d9c1e6f746e0636499031e0f53,975498,bd7f38d9c1e6f746e0636499031e0f53.tflite,1083072,converted
ebac81bdb8f5d131644eef19005ea271,2030730,ebac81bdb8f5d131644eef19005ea271.tflite,2201032,converted
59c079a6b83ce37e682105a135eca195,13153674,59c079a6b83ce37e682105a135eca195.tflite,13458192,converted
0b311d4cc1e30b4e6643be185f501b28,12110730,0b311d4cc1e30b4e6643be185f501b28.tflite,12359184,converted
1ae5551b973f460743db65219af7898c,12110730,1ae5551b973f460743db65219af7898c.tflite,12358936,converted
88fbe77b5640371dcbfb38598126b26b,14196618,88fbe77b5640371dcbfb38598126b26b.tflite,14557272,converted
05437333d52f605fd717faa8bf950542,20532106,05437333d52f605fd717faa8bf950542.tflite,20778152,converted
96c1edf2519472092008f6565e352e75,5104266,96c1edf2519472092008f6565e352e75.tflite,5211840,converted
9440aadf0cbb3db290a9d87591c09be9,20368266,9440aadf0cbb3db290a9d87591c09be9.tflite,20616648,converted
273858a4ae59fff330b62302797c3060,5104266,273858a4ae59fff330b62302797c3060.tflite,5211840,converted
54a607b5218c9982eb559f253f6978fb,20532106,54a607b5218c9982eb559f253f6978fb.tflite,20778152,converted
4f95133d98f72f4dc5e6e2b7b702df89,29668746,4f95133d98f72f4dc5e6e2b7b702df89.tflite,29973264,converted
2ebda12d9d5ec14d5f1aaca1f53ef203,5631114,2ebda12d9d5ec14d5f1aaca1f53ef203.tflite,5797200,converted
b31a306fb738bf434a7a637c9ffe68ba,1591178,b31a306fb738bf434a7a637c9ffe68ba.tflite,1727760,converted
18f0bea6e38607c88b03a8b2ba7bcc8e,4017034,18f0bea6e38607c88b03a8b2ba7bcc8e.tflite,4263080,converted
b323da5c45643e9c967a0546dc939764,2974090,b323da5c45643e9c967a0546dc939764.tflite,3164000,converted
d64330dd1ea0541471bfa08f9d7ad009,10188682,d64330dd1ea0541471bfa08f9d7ad009.tflite,10322456,converted
9e6133c934fc1024fffdc13ab5bda45b,2810250,9e6133c934fc1024fffdc13ab5bda45b.tflite,3002496,converted
c5b401ca33000a6675406689768cecd1,12274570,c5b401ca33000a6675406689768cecd1.tflite,12520616,converted
7eb7a23216c8dd5912830a479a709019,975498,7eb7a23216c8dd5912830a479a709019.tflite,1082856,converted
04a50cabdbd9327c5a9cd2426e95fc9f,1591178,04a50cabdbd9327c5a9cd2426e95fc9f.tflite,1729880,converted
7d26c1014380504f8717b33ebc4b0191,2810250,7d26c1014380504f8717b33ebc4b0191.tflite,3002496,converted
aa82800062a6de72d4c1152154fedcbf,12274570,aa82800062a6de72d4c1152154fedcbf.tflite,12520832,converted
a704c75bbf81b843921b5ee8af791181,3742858,a704c75bbf81b843921b5ee8af791181.tflite,3911288,converted
2f04860e35acafe5d543b959bebdf83a,12274570,2f04860e35acafe5d543b959bebdf83a.tflite,12520616,converted
2ac790ea15872d689a7c1dde78d435fd,13153674,2ac790ea15872d689a7c1dde78d435fd.tflite,13458264,converted
2570684e6c93beef23eba988fc127e25,12110730,2570684e6c93beef23eba988fc127e25.tflite,12359112,converted
952dfc4e689b9c00236770eaf021bcd5,22617994,952dfc4e689b9c00236770eaf021bcd5.tflite,22976528,converted
4dcf4a63d8bae4c0f299cad53b7129a1,1873308,4dcf4a63d8bae4c0f299cad53b7129a1.tflite,1997144,converted
9172e8ef5d8828d5f87ab87f7d9bde8c,2810250,9172e8ef5d8828d5f87ab87f7d9bde8c.tflite,3002568,converted
16a0f01729c0044e29933500d3355681,6070666,16a0f01729c0044e29933500d3355681.tflite,6268352,converted
741fdfc112c0a7235400077190707940,5543818,741fdfc112c0a7235400077190707940.tflite,5682768,converted
9356645ae93df380444ea4ea52aa9663,5807242,9356645ae93df380444ea4ea52aa9663.tflite,5975448,converted
32c96c20bcb45d11e569ec63a3aafb3d,5631114,32c96c20bcb45d11e569ec63a3aafb3d.tflite,5797200,converted
c89315c072ad822ce7010bca146fbecc,5367690,c89315c072ad822ce7010bca146fbecc.tflite,5504304,converted
f50f9ba3776d5711cfd291624b0b11cc,2782644,f50f9ba3776d5711cfd291624b0b11cc.tflite,2906480,converted
76828e7591f15af176ca9f052c332497,20368266,76828e7591f15af176ca9f052c332497.tflite,20616648,converted
a4c830aaaa9d645e8a00e92c529e2611,20532106,a4c830aaaa9d645e8a00e92c529e2611.tflite,20778152,converted
a634db6c204329abc7ec9244526e4acf,12110730,a634db6c204329abc7ec9244526e4acf.tflite,12359112,converted
e6dd2e20b0e538e48ddbdd8d494dab30,888202,e6dd2e20b0e538e48ddbdd8d494dab30.tflite,970768,converted
bed0664cd033875b2f5059277b8d1a9e,3918986,bed0664cd033875b2f5059277b8d1a9e.tflite,4086944,converted
6a96c1c2c8186bff3577841108abb178,3303306,6a96c1c2c8186bff3577841108abb178.tflite,3439920,converted
9f217c636575306d3be9cb2f01eecb08,1591178,9f217c636575306d3be9cb2f01eecb08.tflite,1732472,converted
f2a2bbded855904b3b1e60d599e3c2dc,1448755,f2a2bbded855904b3b1e60d599e3c2dc.tflite,1533360,converted
c807e9fcfe33f4affc82bf6c0e60f453,12274570,c807e9fcfe33f4affc82bf6c0e60f453.tflite,12520832,converted
2f416b94decca6f4924fa1c57ac92695,1238922,2f416b94decca6f4924fa1c57ac92695.tflite,1377656,converted
cef008d128c549094ea1700c25d812e1,715043,cef008d128c549094ea1700c25d812e1.tflite,799672,converted
d449e273799fddc0dc167f1c42b3497b,7871626,d449e273799fddc0dc167f1c42b3497b.tflite,8041960,converted
f559dba143654abdbcf9cbad9c1883f9,5543818,f559dba143654abdbcf9cbad9c1883f9.tflite,5684896,converted
6f6f173e3c0fa9ce47f9c0ed91264a3d,12110730,6f6f173e3c0fa9ce47f9c0ed91264a3d.tflite,12360984,converted
d8a2a0704d6936ae39e84438d52c384c,8135050,d8a2a0704d6936ae39e84438d52c384c.tflite,8334640,converted
c0d64000c3795c929f097aa01953244b,3039882,c0d64000c3795c929f097aa01953244b.tflite,3149584,converted
69981a1f9489145abde585d9b4e47ab0,3216010,69981a1f9489145abde585d9b4e47ab0.tflite,3327832,converted
2b92baf1c73cd1db1bc4ef791da1bfa5,19489162,2b92baf1c73cd1db1bc4ef791da1bfa5.tflite,19681016,converted
0bc81d0ab8d29c89e00e8795ea66bcad,14196618,0bc81d0ab8d29c89e00e8795ea66bcad.tflite,14559400,converted
51ce526bef6a9a315c57ba584090b5d5,12110730,51ce526bef6a9a315c57ba584090b5d5.tflite,12360984,converted
5f628d0626df3c905f6aa68ee314c98a,22454154,5f628d0626df3c905f6aa68ee314c98a.tflite,22816680,converted
1e3dad61a43e8ea069745069f68062e3,7432074,1e3dad61a43e8ea069745069f68062e3.tflite,7570808,converted
3d5ab02fa567075caaba24957442fc46,15075722,3d5ab02fa567075caaba24957442fc46.tflite,15496800,converted
422c2aa08f255776b5b5c9bcc1ac0670,10188682,422c2aa08f255776b5b5c9bcc1ac0670.tflite,10324576,converted
fcd7b46541d43d41d7fb2eb45888a3bd,13153674,fcd7b46541d43d41d7fb2eb45888a3bd.tflite,13460320,converted
8544d4b88c215d814f921c3d27ab9715,21411210,8544d4b88c215d814f921c3d27ab9715.tflite,21717856,converted
348b466a1cc13ad6e0e173b8a1820952,21247370,348b466a1cc13ad6e0e173b8a1820952.tflite,21556176,converted
9f5bc44b235f5109da1a85ae01eb0b08,10023306,9f5bc44b235f5109da1a85ae01eb0b08.tflite,10220776,converted
e41f9486ea310471ad4bce8933e67224,3853194,e41f9486ea310471ad4bce8933e67224.tflite,4103520,converted
174c06f72389faa51a6b8153b87fd380,12989834,174c06f72389faa51a6b8153b87fd380.tflite,13298568,converted
8d6551d697ad30bb0a174e47d0bda0f8,21411210,8d6551d697ad30bb0a174e47d0bda0f8.tflite,21717672,converted
88b8c2d06e3be302d64cc528062b5595,14196618,88b8c2d06e3be302d64cc528062b5595.tflite,14559400,converted
05da7d72a9bd37624c59ecc2a3dfc38f,13317514,05da7d72a9bd37624c59ecc2a3dfc38f.tflite,13621816,converted
8b900e6fbd7672c65fe6f833e95c200b,21411210,8b900e6fbd7672c65fe6f833e95c200b.tflite,21717600,converted
f71bcc4ab92f2f353f6dd7e0bc386d70,5104266,f71bcc4ab92f2f353f6dd7e0bc386d70.tflite,5211840,converted
4cff275248015389b0a83c646c4599cf,3039882,4cff275248015389b0a83c646c4599cf.tflite,3149584,converted
ee8008368a7c68c918635cc8bd6bef24,3742858,ee8008368a7c68c918635cc8bd6bef24.tflite,3913192,converted
83de10cc3c3e7abc753efefa5b2f3475,13153674,83de10cc3c3e7abc753efefa5b2f3475.tflite,13460064,converted
51b99f4f4cc6fcf0efc37add54f2f0e8,10638986,51b99f4f4cc6fcf0efc37add54f2f0e8.tflite,10870168,converted
fd83b620cd62fa6e920ad14214ae9dc8,22454154,fd83b620cd62fa6e920ad14214ae9dc8.tflite,22816936,converted
3bfbab79666f791d23507ee92932400f,5807242,3bfbab79666f791d23507ee92932400f.tflite,5977792,converted
257bbcabebeac5cf4a05d90f7c40e153,8574602,257bbcabebeac5cf4a05d90f7c40e153.tflite,8803200,converted
28087cc5e605205e2d53e79eb4b22942,14196618,28087cc5e605205e2d53e79eb4b22942.tflite,14559400,converted
568446f229ee474d96cb431de0fe1095,6070666,568446f229ee474d96cb431de0fe1095.tflite,6270256,converted
3a16795828f528947e1a784bab36b74c,3566730,3a16795828f528947e1a784bab36b74c.tflite,3734944,converted
f839042238079ef1639bed80fc7b6423,7695498,f839042238079ef1639bed80fc7b6423.tflite,7863488,converted
e3988770800f3e8dc33afdccc9eaba48,421663,e3988770800f3e8dc33afdccc9eaba48.tflite,485136,converted
759c3b0c43f3cabeb0a12dc34031982f,3479434,759c3b0c43f3cabeb0a12dc34031982f.tflite,3620728,converted
e3616002befab7ab5bfc8b0519df98ce,4006282,e3616002befab7ab5bfc8b0519df98ce.tflite,4205872,converted
aa665d5ca55829b9ddd3a4d1c360a87b,29668746,aa665d5ca55829b9ddd3a4d1c360a87b.tflite,29975208,converted
e93033cedc8cb8fde8def99187fa9a90,2619709,e93033cedc8cb8fde8def99187fa9a90.tflite,2745144,converted
ce28096baf1c8154739e6479262057e0,2503003,ce28096baf1c8154739e6479262057e0.tflite,2610184,converted
4b2cfa4209f065e2da6757ce46c0b8e5,3566730,4b2cfa4209f065e2da6757ce46c0b8e5.tflite,3734944,converted
23d302b91df3ec80c544842601aa257e,422188,23d302b91df3ec80c544842601aa257e.tflite,486056,converted
c6c7a7a185bfb133dba8e90aa748aa97,13153674,c6c7a7a185bfb133dba8e90aa748aa97.tflite,13460064,converted
78025c0e31473a8b3b25aae04c3d43b0,4896138,78025c0e31473a8b3b25aae04c3d43b0.tflite,5202784,converted
a321fcc724dcdd6974f64d546909b58e,28789642,a321fcc724dcdd6974f64d546909b58e.tflite,29035688,converted
4fc3d6e5c1f40c7a79e1a79a7b780711,23497098,4fc3d6e5c1f40c7a79e1a79a7b780711.tflite,23916016,converted
2a3d57754e3da2cec361d4b21d05c911,5807242,2a3d57754e3da2cec361d4b21d05c911.tflite,5979696,converted
cdf42d3c39a6595331d0bc651928d3f9,7695498,cdf42d3c39a6595331d0bc651928d3f9.tflite,7865616,converted
aa04a8cf3948a0eda70280b9e015e896,5983370,aa04a8cf3948a0eda70280b9e015e896.tflite,6158168,converted
09cc2e6a3bb766ba617fa99236c5ff4f,21411210,09cc2e6a3bb766ba617fa99236c5ff4f.tflite,21717672,converted
06648f11e4c7ba76457d113f0d3501e1,13153674,06648f11e4c7ba76457d113f0d3501e1.tflite,13462192,converted
f5b9b79adb114a4a6944c0b46fa1aff0,22290314,f5b9b79adb114a4a6944c0b46fa1aff0.tflite,22657304,converted
ef09f6a846e6c451db6a0ede9a229508,2791754,ef09f6a846e6c451db6a0ede9a229508.tflite,2920072,converted
c024e48e6a40f824b81342401a836432,14032778,c024e48e6a40f824b81342401a836432.tflite,14399768,converted
ed8fa06d9f0b0ad8f45c22916d6c61f7,1814578,ed8fa06d9f0b0ad8f45c22916d6c61f7.tflite,1962552,converted
f499c2a70fcae3d1ea881fa45d07e2b4,3742858,f499c2a70fcae3d1ea881fa45d07e2b4.tflite,3915312,converted
21ba5b8c49bac5132d4b27d0a52309e9,4621962,21ba5b8c49bac5132d4b27d0a52309e9.tflite,4854768,converted
91918ea9f4e4b7db350e8cb1dcc8f0c2,6070666,91918ea9f4e4b7db350e8cb1dcc8f0c2.tflite,6272376,converted
951fbeab18853b16a3b9f31f410ccc3b,30711690,951fbeab18853b16a3b9f31f410ccc3b.tflite,31076416,converted
48e107ec5174c8c8d943f9e2f43164b1,11067786,48e107ec5174c8c8d943f9e2f43164b1.tflite,11264032,converted
6aa74936c1b145197a2c4040b5256baf,1415050,6aa74936c1b145197a2c4040b5256baf.tflite,1558072,converted
b7722bcee5e5c3e61965e8da35cb82ad,3822950,b7722bcee5e5c3e61965e8da35cb82ad.tflite,3972968,converted
9941441e03741eeff067d2631a108b88,12110730,9941441e03741eeff067d2631a108b88.tflite,12363184,converted
991320ea46fdc1457a1273cbf5aba759,3655562,991320ea46fdc1457a1273cbf5aba759.tflite,3800848,converted
a2dbe984c6a06f659e22503e830fc66b,39848330,a2dbe984c6a06f659e22503e830fc66b.tflite,40271528,converted
01b6443af4ae121be7e33e9abd7f1daa,12989834,01b6443af4ae121be7e33e9abd7f1daa.tflite,13300584,converted
216b95c163d04dd694c711adfcb33a2f,1415050,216b95c163d04dd694c711adfcb33a2f.tflite,1558072,converted
500b6b24be5e01566f7a24a1b3ddbf99,5631114,500b6b24be5e01566f7a24a1b3ddbf99.tflite,5801232,converted
1afd00395ec69ed9f63948e25b6b3fe9,3039882,1afd00395ec69ed9f63948e25b6b3fe9.tflite,3151232,converted
8ea87d1967f5899f0378de0842f03357,1458454,8ea87d1967f5899f0378de0842f03357.tflite,1545152,converted
bd827b56353a16aca75736cd910b049a,5543818,bd827b56353a16aca75736cd910b049a.tflite,5687016,converted
bd9c3973a15cb2d5972acb3b993998d1,12989834,bd9c3973a15cb2d5972acb3b993998d1.tflite,13300760,converted
6b388c0562e2862c12426814f82479d3,1151626,6b388c0562e2862c12426814f82479d3.tflite,1265568,converted
32d110bdebe97a3ff14e41a19bc5c49b,14196618,32d110bdebe97a3ff14e41a19bc5c49b.tflite,14561272,converted
1499a73e3b84789ad556ca8303455065,24376202,1499a73e3b84789ad556ca8303455065.tflite,24855464,converted
2e3850a1615f1146eb28fc4849aec8ee,8398474,2e3850a1615f1146eb28fc4849aec8ee.tflite,8629440,converted
1f7d9e17259b6fbd22a3f062aee0707f,23333258,1f7d9e17259b6fbd22a3f062aee0707f.tflite,23756384,converted
f8d6fa2722e16ea30e77e7d272e78375,2810250,f8d6fa2722e16ea30e77e7d272e78375.tflite,3006568,converted
4c96c71603c5fff4da5c01a29484d3be,3566730,4c96c71603c5fff4da5c01a29484d3be.tflite,3736848,converted
86083346482d6f53635eb434524b5511,6070666,86083346482d6f53635eb434524b5511.tflite,6272376,converted
65933d33a02a18bb48533c4c1046530e,7695498,65933d33a02a18bb48533c4c1046530e.tflite,7865616,converted
ecf18a19fed3f12b6f516182dca9710e,975498,ecf18a19fed3f12b6f516182dca9710e.tflite,1087104,converted
d374baff9a680e54af2e7e01a87f36f4,4732298,d374baff9a680e54af2e7e01a87f36f4.tflite,5043152,converted
1583dcc40be576ec7008f126e6e81512,5775242,1583dcc40be576ec7008f126e6e81512.tflite,6142232,converted
0654ed6d7181262f3d079ce95db83fb7,4709258,0654ed6d7181262f3d079ce95db83fb7.tflite,4969232,converted
dd23734c1a919843f0268d96a0445e97,830586,dd23734c1a919843f0268d96a0445e97.tflite,938232,converted
25b8b63322b04bdb25b851c263b2dc42,6070666,25b8b63322b04bdb25b851c263b2dc42.tflite,6272376,converted
6f156ca3180367695987bd202288e4c4,7695498,6f156ca3180367695987bd202288e4c4.tflite,7865616,converted
d739e62e8a2418339b967173f318a4df,5367690,d739e62e8a2418339b967173f318a4df.tflite,5508552,converted
82c1c57c423890164d4a46e272f298ab,1873833,82c1c57c423890164d4a46e272f298ab.tflite,2004016,converted
c465ad35f7c93aefdf743307af761ae1,5807242,c465ad35f7c93aefdf743307af761ae1.tflite,5979696,converted
f72dbf1a8be774259d5d37c90693a918,38090122,f72dbf1a8be774259d5d37c90693a918.tflite,38396296,converted
b98c29c210adbd72771cfa1b08e278d2,12274570,b98c29c210adbd72771cfa1b08e278d2.tflite,12524680,converted
7d9741575b0be783a7e67bf2185d60c9,12274570,7d9741575b0be783a7e67bf2185d60c9.tflite,12524680,converted
281a90bd259878c4e3a6812d68e0bc4b,3039882,281a90bd259878c4e3a6812d68e0bc4b.tflite,3153360,converted
ae8226a2141935fa6950cecd98eaa005,4182410,ae8226a2141935fa6950cecd98eaa005.tflite,4388336,converted
b59d40920fd59f2b76a8ae0c5504085c,3918986,b59d40920fd59f2b76a8ae0c5504085c.tflite,4095728,converted
8052f7a6ed5070e58dc4afc69b0ee1b0,22454154,8052f7a6ed5070e58dc4afc69b0ee1b0.tflite,22818880,converted
ec63a326161d51fac57d66ea463d1b8e,13153674,ec63a326161d51fac57d66ea463d1b8e.tflite,13464136,converted
bc87a8607312e46c1e5b8157354e44e6,2800487,bc87a8607312e46c1e5b8157354e44e6.tflite,2931528,converted
3a84e0ad7980f716eeacf15919b262be,4709258,3a84e0ad7980f716eeacf15919b262be.tflite,4973696,converted
9276fde4b697391a8d5066e28867bb0b,2446392,9276fde4b697391a8d5066e28867bb0b.tflite,2617072,converted
99721afd3b8c087a8ca3ea7f28af83ae,7871626,99721afd3b8c087a8ca3ea7f28af83ae.tflite,8045952,converted
6e0dbd705172b517f094c9a75db5b7c4,5807242,6e0dbd705172b517f094c9a75db5b7c4.tflite,5981640,converted
cafd85f3e54ce4216301777d4b10419a,5150908,cafd85f3e54ce4216301777d4b10419a.tflite,5344992,converted
2a922a7a0697d6ce64e8d578155b0c0d,8311178,2a922a7a0697d6ce64e8d578155b0c0d.tflite,8517104,converted
2ea7c78ede3d80e4b444cefca490d9d3,2903390,2ea7c78ede3d80e4b444cefca490d9d3.tflite,3056672,converted
3fed381ef6b74478bf55bbd53294ff73,22454154,3fed381ef6b74478bf55bbd53294ff73.tflite,22820752,converted
1dc1e82eea097075a9e046d10b419a42,14032778,1dc1e82eea097075a9e046d10b419a42.tflite,14401712,converted
ea54a4d9ef124d726e7a084dbeee70d6,6818186,ea54a4d9ef124d726e7a084dbeee70d6.tflite,7243256,converted
d40c7bae09509dc04fa8ce0138f46900,5939082,d40c7bae09509dc04fa8ce0138f46900.tflite,6305680,converted
2ce34fada9900cdbd52a7d113f4b7055,1577512,2ce34fada9900cdbd52a7d113f4b7055.tflite,1686560,converted
32195ce3cf7d3a6fbae3ad82cffb5bc3,1860143,32195ce3cf7d3a6fbae3ad82cffb5bc3.tflite,1991816,converted
e3ba772b6ebbd0820e63a275856d3a35,6510218,e3ba772b6ebbd0820e63a275856d3a35.tflite,6742808,converted
a4c71eaa7d0778c6a3ac2205e8ebe6f1,5775242,a4c71eaa7d0778c6a3ac2205e8ebe6f1.tflite,6144000,converted
e023422e143010f04583a26cadcbd88c,2632240,e023422e143010f04583a26cadcbd88c.tflite,2804208,converted
cdafdf37ce85696704cb88943e97c552,1700674,cdafdf37ce85696704cb88943e97c552.tflite,1832248,converted
64f65883b65c291d04968606b20d998f,3940181,64f65883b65c291d04968606b20d998f.tflite,4113248,converted
056315d7cf3e923b7c183ed40921722d,8135050,056315d7cf3e923b7c183ed40921722d.tflite,8338704,converted
816717ac4d61dd62ada09740b4fa6470,3039882,816717ac4d61dd62ada09740b4fa6470.tflite,3153360,converted
f30caa74b7fb37f137530a80d57497f3,3825366,f30caa74b7fb37f137530a80d57497f3.tflite,3977392,converted
0da761dba61a8ddaa4458e24c94abffc,2776458,0da761dba61a8ddaa4458e24c94abffc.tflite,2860680,converted
ebc4564768c3236c93f2b21f02e0ddd3,8135050,ebc4564768c3236c93f2b21f02e0ddd3.tflite,8338632,converted
250c5f63f0a4a985e704c8b6b34fd6ef,8750730,250c5f63f0a4a985e704c8b6b34fd6ef.tflite,8985664,converted
0b192a7077200e1888810a75d49754f3,4182410,0b192a7077200e1888810a75d49754f3.tflite,4385744,converted
3cbfa9553b6dc916464f5015bf8b3ca0,1577512,3cbfa9553b6dc916464f5015bf8b3ca0.tflite,1688648,converted
845a4b654acb7d14b25138c4d792eb74,12989834,845a4b654acb7d14b25138c4d792eb74.tflite,13302704,converted
51832d14df0d1d5b0ef56dceeb63cae5,22454154,51832d14df0d1d5b0ef56dceeb63cae5.tflite,22820824,converted
48ee5a1f9886effef4616eb2e3e573cd,38090122,48ee5a1f9886effef4616eb2e3e573cd.tflite,38398240,converted
316eef4bcc20e9a3f7ca6f32b4600e58,6246794,316eef4bcc20e9a3f7ca6f32b4600e58.tflite,6452792,converted
74b4f4593d17d0a2951634df306a4958,38969226,74b4f4593d17d0a2951634df306a4958.tflite,39335752,converted
51b5087165761c8bfe1dabd2d96c8e99,5894538,51b5087165761c8bfe1dabd2d96c8e99.tflite,6095856,converted
4f7d4443b757430e60f9292b63df6e5d,4445834,4f7d4443b757430e60f9292b63df6e5d.tflite,4678424,converted
8a8c599255733293cca58f201eb56bdf,2796383,8a8c599255733293cca58f201eb56bdf.tflite,2927424,converted
97889eea40097070385170769c219cbf,24212362,97889eea40097070385170769c219cbf.tflite,24695912,converted
d9f4c44e48ec5b137847dd1ab5cf999b,8135050,d9f4c44e48ec5b137847dd1ab5cf999b.tflite,8338632,converted
27869617a9bfc0da5f109c84c4a939c7,21411210,27869617a9bfc0da5f109c84c4a939c7.tflite,21721600,converted
fc0a95d2974d93a2e7b14ffa24579e3a,12966794,fc0a95d2974d93a2e7b14ffa24579e3a.tflite,13228640,converted
d4c2ba36cf7f5a18133886d4fb06f26a,6773642,d4c2ba36cf7f5a18133886d4fb06f26a.tflite,7035488,converted
25a0e9ef34153e7ebbc2859b240a8aa4,3689354,25a0e9ef34153e7ebbc2859b240a8aa4.tflite,3946016,converted
d32a3166e1aa90f93ab547360688e7a7,5807242,d32a3166e1aa90f93ab547360688e7a7.tflite,5981640,converted
adb0222a55502bc995c9423c5a6a81c7,421663,adb0222a55502bc995c9423c5a6a81c7.tflite,488432,converted
94077873c0860ab2590b655a1889e3c3,5611402,94077873c0860ab2590b655a1889e3c3.tflite,5982496,converted
18717f525fd1554aea7a0ec9907b633a,1740447,18717f525fd1554aea7a0ec9907b633a.tflite,1851616,converted
ab4515814f7cbfdd3c0731a979042b7f,2602252,ab4515814f7cbfdd3c0731a979042b7f.tflite,2731312,converted
899273c79511eb3886001ffd5fafdf65,32633738,899273c79511eb3886001ffd5fafdf65.tflite,33114944,converted
7e6f9d42149ac45cfff02a478c7ae86f,23333258,7e6f9d42149ac45cfff02a478c7ae86f.tflite,23758256,converted
c6d2c8dc6db7566e4e547ffea6e12a8f,1941898,c6d2c8dc6db7566e4e547ffea6e12a8f.tflite,2145480,converted
23c627ab1005986bc302013e636f74b7,12274570,23c627ab1005986bc302013e636f74b7.tflite,12524608,converted
857c845e281e733583b3e1f7f13a243f,5631114,857c845e281e733583b3e1f7f13a243f.tflite,5801232,converted
7e804ee3e327a1d3ab3e34a8ccd3ce7d,3742858,7e804ee3e327a1d3ab3e34a8ccd3ce7d.tflite,3917256,converted
8e651ef65c083b4d631d9f4e1057b603,12110730,8e651ef65c083b4d631d9f4e1057b603.tflite,12363112,converted
6b357aa289720ff7908c1ab48227a2a0,21411210,6b357aa289720ff7908c1ab48227a2a0.tflite,21719800,converted
313736e5b054727569cd58208e87ba83,2908985,313736e5b054727569cd58208e87ba83.tflite,3061104,converted
a325d39cf3ac0ed2648abf7cc578e38f,24376202,a325d39cf3ac0ed2648abf7cc578e38f.tflite,24855464,converted
6a7021d931aae75193905e9f45a1f825,3511588,6a7021d931aae75193905e9f45a1f825.tflite,3642040,converted
0b6b76b6f2150440bf717d660b3fd567,2030730,0b6b76b6f2150440bf717d660b3fd567.tflite,2205024,converted
0e29b0f85d696cc300af5b65c7ea264d,31754634,0e29b0f85d696cc300af5b65c7ea264d.tflite,32177296,converted
96ad5bd16b5c2d4501ee3e16ef2a1dd8,5631114,96ad5bd16b5c2d4501ee3e16ef2a1dd8.tflite,5803176,converted
6a8e6e97ecd1dc0934e776091c5bfae7,13868938,6a8e6e97ecd1dc0934e776091c5bfae7.tflite,14240216,converted
d6f3d6ba803c8de082ac11bf70ac7b43,3742858,d6f3d6ba803c8de082ac11bf70ac7b43.tflite,3917184,converted
eaefd4d11cad9513a6bfbf675804983d,4576396,eaefd4d11cad9513a6bfbf675804983d.tflite,4727024,converted
126ea449e5bc5ea4428d138c5c5ff41d,3525514,126ea449e5bc5ea4428d138c5c5ff41d.tflite,3784264,converted
a45a0a1645289de5a6482c35ad9f185a,10199434,a45a0a1645289de5a6482c35ad9f185a.tflite,10403016,converted
af92509333e1f98b963251ce6f2011e3,4621962,af92509333e1f98b963251ce6f2011e3.tflite,4859232,converted
c7ad8d6d128cf6a4209445607328fa4a,1446928,c7ad8d6d128cf6a4209445607328fa4a.tflite,1534624,converted
e583d8c73fe8193b263b96f91caf0097,4621962,e583d8c73fe8193b263b96f91caf0097.tflite,4856896,converted
0789c1b90c28464af3c753f95b28613d,538894,0789c1b90c28464af3c753f95b28613d.tflite,628888,converted
0b08e23e6e8b9337416ee884a50d577a,946570,0b08e23e6e8b9337416ee884a50d577a.tflite,1030944,converted
dc21d50c0ea1d027fc487fbfbabbdf46,2974090,dc21d50c0ea1d027fc487fbfbabbdf46.tflite,3169936,converted
cb61ff5026aa4280858de250a5422623,3819435,cb61ff5026aa4280858de250a5422623.tflite,3971248,converted
4c2e6efcd3e63a170f3e3f358d9fea84,9014154,4c2e6efcd3e63a170f3e3f358d9fea84.tflite,9278160,converted
c2b9f32e44695e1371c6926c406b9871,7213194,c2b9f32e44695e1371c6926c406b9871.tflite,7506640,converted
c374fe5bbb3c9760aa59c669272bbf1a,6070666,c374fe5bbb3c9760aa59c669272bbf1a.tflite,6270256,converted
837f1f77737c7f262afd9d7271a99b85,13317514,837f1f77737c7f262afd9d7271a99b85.tflite,13621640,converted
d8f10eace4b69883d6652114c7d3431d,14032778,d8f10eace4b69883d6652114c7d3431d.tflite,14401784,converted
1c14688f9132dec0c53d90f9480c8527,3014829,1c14688f9132dec0c53d90f9480c8527.tflite,3187776,converted
ae64022f9eb4d711b7a641ae08009269,3742858,ae64022f9eb4d711b7a641ae08009269.tflite,3915312,converted
8259fa5ddab153bcf0717e56a5ed303c,3655817,8259fa5ddab153bcf0717e56a5ed303c.tflite,3848568,converted
c385cff57230e741416398670b9fe6c5,5631114,c385cff57230e741416398670b9fe6c5.tflite,5803104,converted
ba913daa2e7faa0619ceea5b3b7db9bc,1678474,ba913daa2e7faa0619ceea5b3b7db9bc.tflite,1852800,converted
ebae67dbca44bd8e9edbf269ddadd76a,14032778,ebae67dbca44bd8e9edbf269ddadd76a.tflite,14401464,converted
7a531e6f76569528f9feea0a2ced6f36,7125898,7a531e6f76569528f9feea0a2ced6f36.tflite,7392424,converted
779940613eb81c2bfd643b029f8018b8,14196618,779940613eb81c2bfd643b029f8018b8.tflite,14561272,converted
e092d43820b08fe53aa2ba6e2395850a,30711690,e092d43820b08fe53aa2ba6e2395850a.tflite,31078216,converted
50b4318c3a5eb399616907d00178e258,4006282,50b4318c3a5eb399616907d00178e258.tflite,4207992,converted
1d51417872db404b98002772ce6918ef,12274570,1d51417872db404b98002772ce6918ef.tflite,12526552,converted
3bf3515c1fe4fc15a90822afb65853f5,5631114,3bf3515c1fe4fc15a90822afb65853f5.tflite,5803104,converted
031c1f0c8c25ed2705bfb80539a6b602,3479434,031c1f0c8c25ed2705bfb80539a6b602.tflite,3624504,converted
1864812c899522d96a54dec5a4625e45,1749642,1864812c899522d96a54dec5a4625e45.tflite,1867984,converted
8857e90db260c3ae832eb1d3ad1d2337,22290314,8857e90db260c3ae832eb1d3ad1d2337.tflite,22659248,converted
815c0e815b8110ef48534a89faf25ac2,8135050,815c0e815b8110ef48534a89faf25ac2.tflite,8336512,converted
4d31877fefc56fa91d38adfb5bd451ae,4885386,4d31877fefc56fa91d38adfb5bd451ae.tflite,5147448,converted
451cb41d3d50e2e07e18f4ff81009276,4358538,451cb41d3d50e2e07e18f4ff81009276.tflite,4563960,converted
1b907c229ed015b3f2ef1a17ed706709,6070666,1b907c229ed015b3f2ef1a17ed706709.tflite,6274320,converted
1eac8b63b3ed0ebddd37682e7d2b30d4,4006282,1eac8b63b3ed0ebddd37682e7d2b30d4.tflite,4209864,converted
0404382a6b008f0313713a0adf913655,31590794,0404382a6b008f0313713a0adf913655.tflite,32015792,converted
69850253bf36a638fc16c5b7da27e66a,5543818,69850253bf36a638fc16c5b7da27e66a.tflite,5687016,converted
3bb5cbe9ee50ea47f1b9d9ef8c375db9,13153674,3bb5cbe9ee50ea47f1b9d9ef8c375db9.tflite,13464136,converted
5571641268b26e2ff4f407605937d677,28789642,5571641268b26e2ff4f407605937d677.tflite,29041624,converted
724ceb3878ccde3f535dd4ab2555c917,4358538,724ceb3878ccde3f535dd4ab2555c917.tflite,4564216,converted
fd19255f3c4904f64809069de5230d6b,21575050,fd19255f3c4904f64809069de5230d6b.tflite,21883168,converted
6e66c8882a44d6d79613c399271aaa33,8750730,6e66c8882a44d6d79613c399271aaa33.tflite,8985664,converted
7cfd725f077a0c642c7ba8c3cb19a627,6246794,7cfd725f077a0c642c7ba8c3cb19a627.tflite,6452464,converted
355f27a4725363f68c8f1a88fc0f8baf,4798090,355f27a4725363f68c8f1a88fc0f8baf.tflite,5035360,converted
84b167c77985fe05f490bc4141dc676d,5807242,84b167c77985fe05f490bc4141dc676d.tflite,5979520,converted
0a717117beece9157e67f6eb75517763,2205322,0a717117beece9157e67f6eb75517763.tflite,2438160,converted
853add1fb58360f2ee5b53178d6429dd,6510218,853add1fb58360f2ee5b53178d6429dd.tflite,6743528,converted
20eb3079cc47b71a42078650fef10acb,6686346,20eb3079cc47b71a42078650fef10acb.tflite,6921280,converted
8cc1db85d68941ddc0ae6f455b7dd8ae,12110730,8cc1db85d68941ddc0ae6f455b7dd8ae.tflite,12364984,converted
5d4190fd89bb23037c68bfde193c77bf,9014154,5d4190fd89bb23037c68bfde193c77bf.tflite,9278088,converted
0b4c894ca3edffb49c77ea258aa3f72e,6510218,0b4c894ca3edffb49c77ea258aa3f72e.tflite,6740936,converted
bbd7d7c4c9b9d1d8532d3f1fa4af668d,2914728,bbd7d7c4c9b9d1d8532d3f1fa4af668d.tflite,3063072,converted
c41cdfda81450373fe921c4920794f6b,5983370,c41cdfda81450373fe921c4920794f6b.tflite,6157272,converted
38da11ee56783f9cff5ecdfa0607cbad,1591178,38da11ee56783f9cff5ecdfa0607cbad.tflite,1733880,converted
0e46dc003e269edef361afacbb1dfec7,2151197,0e46dc003e269edef361afacbb1dfec7.tflite,2303752,converted
cd977eada26c27f906700012e6b554df,1678474,cd977eada26c27f906700012e6b554df.tflite,1852624,converted
2f15ccd4bd9b45cb3ad9ecee049305d4,7871626,2f15ccd4bd9b45cb3ad9ecee049305d4.tflite,8044080,converted
0a8388379b342a251a517c221111ac11,7871626,0a8388379b342a251a517c221111ac11.tflite,8046024,converted
68c6827857da65b3fa6ca5a0f6998255,3853194,68c6827857da65b3fa6ca5a0f6998255.tflite,4107520,converted
a6e1161e28c87f691606f452cbd2625f,8398474,a6e1161e28c87f691606f452cbd2625f.tflite,8631312,converted
6b3b187b26bf62d08556fc86e69ca60c,6818186,6b3b187b26bf62d08556fc86e69ca60c.tflite,7243184,converted
92a5631bab282fb916ce1bb17226e868,12989834,92a5631bab282fb916ce1bb17226e868.tflite,13302560,converted
abbb229f6d99fca2894a8bf159d9ec19,951471,abbb229f6d99fca2894a8bf159d9ec19.tflite,1084480,converted
b11ebfad8525cd6f388d1c36eb981a68,5807242,b11ebfad8525cd6f388d1c36eb981a68.tflite,5981568,converted
016dcad6f7847b83fa79dc0231d5a6d5,3410512,016dcad6f7847b83fa79dc0231d5a6d5.tflite,3520768,converted
8e1d80638c24b4d6cf2dfdadebca9737,1080970,8e1d80638c24b4d6cf2dfdadebca9737.tflite,1196976,converted
bcff469d9ca87c205c3cdfbbcbfec4d6,3479434,bcff469d9ca87c205c3cdfbbcbfec4d6.tflite,3624504,converted
8e745799d6c739ad3f03b9de020abc08,10462858,8e745799d6c739ad3f03b9de020abc08.tflite,10695696,converted
a665b13021b69a2c84bbf3105c0cca37,21575050,a665b13021b69a2c84bbf3105c0cca37.tflite,21881224,converted
316e8d8502dc03f3796a24a53138df45,8135050,316e8d8502dc03f3796a24a53138df45.tflite,8338704,converted
97a871e1febc99c32b5744dbd658d2cd,20532106,97a871e1febc99c32b5744dbd658d2cd.tflite,20782144,converted
5ecdf1aa778267ee20e1467d932faa71,3655562,5ecdf1aa778267ee20e1467d932faa71.tflite,3802720,converted
083ee66bbaafd65732757ced69e68dc5,4182410,083ee66bbaafd65732757ced69e68dc5.tflite,4388336,converted
fd663009d1b174af92226267eb251e82,3742858,fd663009d1b174af92226267eb251e82.tflite,3917256,converted
16225523801005dd8ea21f1ef27c0310,13868938,16225523801005dd8ea21f1ef27c0310.tflite,14240216,converted
9fbcfdba7eb6a45217da1a8c3fbb3b71,3566730,9fbcfdba7eb6a45217da1a8c3fbb3b71.tflite,3738792,converted
03285238b082a745991a143294b28878,1870892,03285238b082a745991a143294b28878.tflite,2002592,converted
a86dde299f89b29f81573ed9e5a93999,5807242,a86dde299f89b29f81573ed9e5a93999.tflite,5981568,converted
c7f7307afb5ee2b8d1533d087109f2b6,5631114,c7f7307afb5ee2b8d1533d087109f2b6.tflite,5801232,converted
682e8c26332f87690f20b44750be28eb,3039882,682e8c26332f87690f20b44750be28eb.tflite,3151304,converted
6f026193cdbf07ab16259b8f4426e1d6,2557578,6f026193cdbf07ab16259b8f4426e1d6.tflite,2792512,converted
7d4b7fc1b99bcb64747f0c5b3b0046f6,22290314,7d4b7fc1b99bcb64747f0c5b3b0046f6.tflite,22659072,converted
9136b2e02ddc2881f410b4ba54bbad48,3087550,9136b2e02ddc2881f410b4ba54bbad48.tflite,3241176,converted
c9983c4d8fc199d68a3778c8e181a319,5775242,c9983c4d8fc199d68a3778c8e181a319.tflite,6144176,converted
86ef58b422915affbb5f01dc2fc5c1ce,6246794,86ef58b422915affbb5f01dc2fc5c1ce.tflite,6450128,converted
f2bf6cacc836e8ff51766fcef9716a86,1072344,f2bf6cacc836e8ff51766fcef9716a86.tflite,1223864,converted
b3dc79507d0bd5a4b0915ba165376fbf,6510218,b3dc79507d0bd5a4b0915ba165376fbf.tflite,6742808,converted
1301d79cd7922fa516eea152b69b1aca,2664111,1301d79cd7922fa516eea152b69b1aca.tflite,2776488,converted
41175f66e2794653da6a4d874950ac0d,6510218,41175f66e2794653da6a4d874950ac0d.tflite,6742808,converted
1861cea8716fd7bebbd36446e7c95ea5,5807242,1861cea8716fd7bebbd36446e7c95ea5.tflite,5981568,converted
66b65750b26b4418ef9639f2b929fa0f,16118666,66b65750b26b4418ef9639f2b929fa0f.tflite,16599872,converted
e0e95c85c9ece1eb0443ca4564a17337,4732298,e0e95c85c9ece1eb0443ca4564a17337.tflite,5045168,converted
167e7c85c4a65b87b0fd985096f55495,22290314,167e7c85c4a65b87b0fd985096f55495.tflite,22659176,converted
999343ba2fa65de082920986f582ef16,12274570,999343ba2fa65de082920986f582ef16.tflite,12526552,converted
35a1b276de7c14a843ca0fa06cb1366b,1678474,35a1b276de7c14a843ca0fa06cb1366b.tflite,1852800,converted
ff72892816559bc53a6b78f94dc61381,8750730,ff72892816559bc53a6b78f94dc61381.tflite,8985664,converted
47be656fde01f5f12561adb8ffed2abf,3039882,47be656fde01f5f12561adb8ffed2abf.tflite,3153432,converted
7bbec64332bf58b6c1681300e18f6fb3,4006282,7bbec64332bf58b6c1681300e18f6fb3.tflite,4209936,converted
d86ff6f4644cbcb23c4df79be36a890f,1696570,d86ff6f4644cbcb23c4df79be36a890f.tflite,1828144,converted
49c8ac2ed4a5e22d332c0e01bc348826,2490952,49c8ac2ed4a5e22d332c0e01bc348826.tflite,2602088,converted
cac2ab2b1c21698c84140b29e4c428e5,29832586,cac2ab2b1c21698c84140b29e4c428e5.tflite,30140632,converted
2a9de05ff1fb55ac3c8e8700b6945372,23497098,2a9de05ff1fb55ac3c8e8700b6945372.tflite,23917888,converted
b4ed20daca47eccf1852b226911a394f,3655562,b4ed20daca47eccf1852b226911a394f.tflite,3800848,converted
534f2002efc14247307c7dcc2ca55b32,5367690,534f2002efc14247307c7dcc2ca55b32.tflite,5508552,converted
1ecb5011982f7afbbe77f62781d9890a,22126474,1ecb5011982f7afbbe77f62781d9890a.tflite,22497496,converted
c330076d84843e97be8255f84e6bf74a,29668746,c330076d84843e97be8255f84e6bf74a.tflite,29977264,converted
093c374abde96ff2195a516ed51d8930,1978762,093c374abde96ff2195a516ed51d8930.tflite,2063136,converted
a220b0487ff7cbcd7d9b4a2bf689bee3,3918986,a220b0487ff7cbcd7d9b4a2bf689bee3.tflite,4093064,converted
b34c0272bee36b6fbd2971734b2e0a63,4896138,b34c0272bee36b6fbd2971734b2e0a63.tflite,5202784,converted
f34e759058f459e13720e99458ba704a,10199434,f34e759058f459e13720e99458ba704a.tflite,10403016,converted
d648a3844908aa19dc9385b9f4f790f4,4555612,d648a3844908aa19dc9385b9f4f790f4.tflite,4706696,converted
c8c0c1d28b982ed0606fa0ef1a0ce3f1,2619709,c8c0c1d28b982ed0606fa0ef1a0ce3f1.tflite,2750560,converted
612d407648614f6d21d541c24f856df6,6949770,612d407648614f6d21d541c24f856df6.tflite,7213960,converted
7eae29ce7b118b8684f79d1b18f5ab25,3742858,7eae29ce7b118b8684f79d1b18f5ab25.tflite,3917256,converted
1f941406ab56a639aa09655485551228,1007260,1f941406ab56a639aa09655485551228.tflite,1117136,converted
9df5740cb4c58ca0d0b39b00e06945c7,7958922,9df5740cb4c58ca0d0b39b00e06945c7.tflite,8160168,converted
96bf52913dbdd678023248228c44161d,1415050,96bf52913dbdd678023248228c44161d.tflite,1556128,converted
505d88dc866b52e996d5300ed816617a,10188682,505d88dc866b52e996d5300ed816617a.tflite,10324328,converted
014722f96dcbf25ec351a10bc88871bc,2593855,014722f96dcbf25ec351a10bc88871bc.tflite,2723824,converted
ee2da367688cdf6ca0f971c50af1daec,1876173,ee2da367688cdf6ca0f971c50af1daec.tflite,2008656,converted
c625ac37ab948f898c3c054e1d4036cb,3922338,c625ac37ab948f898c3c054e1d4036cb.tflite,4094376,converted
2c751a7023a29f5c4e0b9d47e3db010d,2118026,2c751a7023a29f5c4e0b9d47e3db010d.tflite,2321824,converted
9f8cbcb28eeffd2271d4e9d9452fc36c,3918986,9f8cbcb28eeffd2271d4e9d9452fc36c.tflite,4093064,converted
5f6cf7842957b50ed1ec456ec450592a,13153674,5f6cf7842957b50ed1ec456ec450592a.tflite,13464136,converted
13e677d747f01fcad4c15aa4b6d86c96,6862474,13e677d747f01fcad4c15aa4b6d86c96.tflite,7099496,converted
8b7f9b37a02fdf554fb77e97a2c4edbb,22454154,8b7f9b37a02fdf554fb77e97a2c4edbb.tflite,22820752,converted
15ab0e32f80a8c849f3059558d6870ef,12989834,15ab0e32f80a8c849f3059558d6870ef.tflite,13302704,converted
d659906577ed785b207435980424f250,10199434,d659906577ed785b207435980424f250.tflite,10399240,converted
e5cad1ddc356cbc04f10d332c725920a,10199434,e5cad1ddc356cbc04f10d332c725920a.tflite,10403016,converted
f575f11dc6418749f4a7fbe1ba85fd68,5807242,f575f11dc6418749f4a7fbe1ba85fd68.tflite,5981640,converted
2b1027320feb50ac8ec9666faecc71d5,4301142,2b1027320feb50ac8ec9666faecc71d5.tflite,4471144,converted
fc42aef154235f2c6cc2b2a55df465b8,4182410,fc42aef154235f2c6cc2b2a55df465b8.tflite,4388336,converted
f5376f9b94d32a4bbc807b78e7b8d3cd,656125,f5376f9b94d32a4bbc807b78e7b8d3cd.tflite,764960,converted
0934382716064e95d27691330b30253c,5104266,0934382716064e95d27691330b30253c.tflite,5217816,converted
8413eea4b2037cf27f6a9755759bac6a,2160896,8413eea4b2037cf27f6a9755759bac6a.tflite,2313424,converted
6e7a1dc16a081a750ba3e0f842e50038,24376202,6e7a1dc16a081a750ba3e0f842e50038.tflite,24855464,converted
37b9119d970b5fed20e62a2cda96a096,14032778,37b9119d970b5fed20e62a2cda96a096.tflite,14401640,converted
b436a6e7730396404984f0775bdbdbc9,1415050,b436a6e7730396404984f0775bdbdbc9.tflite,1560120,converted
e8a5ec87a4930851f02349c0cf821dcc,21411210,e8a5ec87a4930851f02349c0cf821dcc.tflite,21719616,converted
512cd9a356825574885d92ab58846b0a,3479434,512cd9a356825574885d92ab58846b0a.tflite,3624504,converted
0aa38cacf8f33fe81fe44d932636e9f2,8398474,0aa38cacf8f33fe81fe44d932636e9f2.tflite,8631312,converted
85fc17d541dc5eb70337803fcea31de8,8574602,85fc17d541dc5eb70337803fcea31de8.tflite,8807728,converted
0d90a5d14d815418d08a5a53d9f0bad2,4521276,0d90a5d14d815418d08a5a53d9f0bad2.tflite,4732600,converted
3f12fe5fc66531a4617e1286321e2da8,3742858,3f12fe5fc66531a4617e1286321e2da8.tflite,3917008,converted
24a787a1d9370b2a4774f02d5ec9c4d3,3830154,24a787a1d9370b2a4774f02d5ec9c4d3.tflite,4031400,converted
86b6f658f237f6dd05204a6ca97d5743,12110730,86b6f658f237f6dd05204a6ca97d5743.tflite,12365056,converted
4539a8d847669b9fe87e6dfea93fd83c,5894538,4539a8d847669b9fe87e6dfea93fd83c.tflite,6093912,converted
a7b12025cb9aadc5378a73cfb4146fd3,4006282,a7b12025cb9aadc5378a73cfb4146fd3.tflite,4209864,converted
4e6cf515798f35616a83b2c39d10d251,20532106,4e6cf515798f35616a83b2c39d10d251.tflite,20782144,converted
d1b9a359561814e89b273c953bb32bb1,3479434,d1b9a359561814e89b273c953bb32bb1.tflite,3624504,converted
825e80c1557fab300e9775840161bf8e,6070666,825e80c1557fab300e9775840161bf8e.tflite,6274320,converted
e9cd98d393a4efa49904cd6b43ab9f50,14032778,e9cd98d393a4efa49904cd6b43ab9f50.tflite,14401712,converted
758626711dd560be553c20e73ba23f30,22454154,758626711dd560be553c20e73ba23f30.tflite,22820752,converted
7563f814ac8c0426ce9fc95ad52b968d,5807242,7563f814ac8c0426ce9fc95ad52b968d.tflite,5979520,converted
0201c8e043beffa4a4f4ddcb55fc0876,5104266,0201c8e043beffa4a4f4ddcb55fc0876.tflite,5213744,converted
3c4e6cc9b3878772e7890b13b2c3e747,2974090,3c4e6cc9b3878772e7890b13b2c3e747.tflite,3166120,converted
1b52eedea10c86e566841c87ddfe4125,2619709,1b52eedea10c86e566841c87ddfe4125.tflite,2749168,converted
4ab922c1cec7a01d4d87a674e10c731c,8574602,4ab922c1cec7a01d4d87a674e10c731c.tflite,8809784,converted
12f87ffb6565d759e00d7536ae4b5200,5543818,12f87ffb6565d759e00d7536ae4b5200.tflite,5688888,converted
c0e6b63918f2d62e6aeddc0092a496b8,3742858,c0e6b63918f2d62e6aeddc0092a496b8.tflite,3915312,converted
b7b8d82d71264d1d606793b5a65a4ecf,6686346,b7b8d82d71264d1d606793b5a65a4ecf.tflite,6921096,converted
bcf7cef6d5b96880a65b8cb06a8546e2,4182410,bcf7cef6d5b96880a65b8cb06a8546e2.tflite,4388152,converted
c8560eb1bf8809d22c34dfdd443117c2,2030730,c8560eb1bf8809d22c34dfdd443117c2.tflite,2207152,converted
ed6b52901d9d5c6fb39e9f59833969ae,2490952,ed6b52901d9d5c6fb39e9f59833969ae.tflite,2598096,converted
da88316c603c5c0acac90a5ed06d7d9b,656650,da88316c603c5c0acac90a5ed06d7d9b.tflite,766208,converted
816a12cbf5056eebe04e7a39cdf21d0b,5367690,816a12cbf5056eebe04e7a39cdf21d0b.tflite,5510424,converted
3188d3640055b5804e05ae706718379f,4006282,3188d3640055b5804e05ae706718379f.tflite,4209864,converted
a86e838c989993e8e6f2faba34610935,1860668,a86e838c989993e8e6f2faba34610935.tflite,1993512,converted
a07a490140e123780a8fee1688207e19,22454154,a07a490140e123780a8fee1688207e19.tflite,22820680,converted
8b9be5d95d30991c3858fe0024905d8a,6686346,8b9be5d95d30991c3858fe0024905d8a.tflite,6923864,converted
f792a49cba6c47c50c1838c10e6d6a76,2337558,f792a49cba6c47c50c1838c10e6d6a76.tflite,2486384,converted
be37244bef6847254a11217570b03524,5807242,be37244bef6847254a11217570b03524.tflite,5981640,converted
becde56eb7bf8064d2273c0e0eb15ecf,22290314,becde56eb7bf8064d2273c0e0eb15ecf.tflite,22657200,converted
3c61acace9ccb5c8d09d3993a4535e1a,12274570,3c61acace9ccb5c8d09d3993a4535e1a.tflite,12522736,converted
1a2c54fe9e8c032f910a50333346e317,1458454,1a2c54fe9e8c032f910a50333346e317.tflite,1547752,converted
c72b3071edd01d4d832b3385d105c706,4732298,c72b3071edd01d4d832b3385d105c706.tflite,5043152,converted
980f15236179785b551c73fc8d6e984c,2606881,980f15236179785b551c73fc8d6e984c.tflite,2735968,converted
6ae70ab8fa9f291a32aa94691e7489f0,5104266,6ae70ab8fa9f291a32aa94691e7489f0.tflite,5217744,converted
9fe1f5bd15d48e230a72cf36a3dba1ee,1460281,9fe1f5bd15d48e230a72cf36a3dba1ee.tflite,1548224,converted
d7bd21d7a9ef6ce35ad0ce05ebeb1829,5543818,d7bd21d7a9ef6ce35ad0ce05ebeb1829.tflite,5688960,converted
870510b55facdb8976f862394e9c4fc3,6422922,870510b55facdb8976f862394e9c4fc3.tflite,6628344,converted
2d5413cb4137167fcd3dbfc48f88367f,2767014,2d5413cb4137167fcd3dbfc48f88367f.tflite,2894912,converted
dda44a301f1c2030ee7e0f6923c0b9fa,10023306,dda44a301f1c2030ee7e0f6923c0b9fa.tflite,10224552,converted
eb439b5f7d408c2d4f034fec0ad2d8e0,5631114,eb439b5f7d408c2d4f034fec0ad2d8e0.tflite,5803176,converted
0648c8fbdf36f125c1f0580e5a713f5a,7695498,0648c8fbdf36f125c1f0580e5a713f5a.tflite,7867488,converted
8f05e88084647ad6561578d45893e81e,21575050,8f05e88084647ad6561578d45893e81e.tflite,21881296,converted
cf2dd11279d40b8fc2d911059110952e,2109458,cf2dd11279d40b8fc2d911059110952e.tflite,2281616,converted
fb4326b6d385f993f878531f82278fb0,22290314,fb4326b6d385f993f878531f82278fb0.tflite,22659176,converted
d25ac2430c53058c58710369d8881e6f,5807242,d25ac2430c53058c58710369d8881e6f.tflite,5981568,converted
acfbc2d7cbf5a89feb83c156c81ae4e5,14911882,acfbc2d7cbf5a89feb83c156c81ae4e5.tflite,15339040,converted
31ea6f9a914eea7927d80d4574acdf7a,3517519,31ea6f9a914eea7927d80d4574acdf7a.tflite,3646792,converted
6e611d0ac59be445dc8c4371a43f38d0,2895771,6e611d0ac59be445dc8c4371a43f38d0.tflite,3046688,converted
6f1db217316da634995f315a3246456c,12110730,6f1db217316da634995f315a3246456c.tflite,12359112,converted
b63f6a132f77910ccac030af0f120192,21411210,b63f6a132f77910ccac030af0f120192.tflite,21721672,converted
15cb16810ae9474dee310a1eb9328967,3071395,15cb16810ae9474dee310a1eb9328967.tflite,3224016,converted
1596fd1ef512a1f2e0d53a5f56881d8c,3918986,1596fd1ef512a1f2e0d53a5f56881d8c.tflite,4093528,converted
0cd5aff4e3f44ec7fd0cdea0b25cbcc5,6070666,0cd5aff4e3f44ec7fd0cdea0b25cbcc5.tflite,6272376,converted
c1cef69a22e3ba222471d20add1243eb,3742858,c1cef69a22e3ba222471d20add1243eb.tflite,3915312,converted
80ad935d4722a32b3fe83d7d1e790ede,5061514,80ad935d4722a32b3fe83d7d1e790ede.tflite,5327608,converted
511350affb749c780443198c522714ce,2782644,511350affb749c780443198c522714ce.tflite,2910728,converted
f1f3b13f2bd9902b17b99e2e5c3793cf,2903390,f1f3b13f2bd9902b17b99e2e5c3793cf.tflite,3055536,converted
ef694b3b1bae2ad0744428f50fbd3428,15075722,ef694b3b1bae2ad0744428f50fbd3428.tflite,15500792,converted
1484414f42c86d8c9715aea5385d6725,6862474,1484414f42c86d8c9715aea5385d6725.tflite,7099496,converted
8c354810335fa8f8af62e14e69c92416,31754634,8c354810335fa8f8af62e14e69c92416.tflite,32177440,converted
9293a63abf5e8458b478099cbb9570d2,420361,9293a63abf5e8458b478099cbb9570d2.tflite,489688,converted
7008198c90ed5d4dd8adb0acbd2fd2bd,497674,7008198c90ed5d4dd8adb0acbd2fd2bd.tflite,597864,converted
ccc084535b7fbe102538c08a7b912308,16118666,ccc084535b7fbe102538c08a7b912308.tflite,16599872,converted
6cc6f27008da3cd95b7e159d4e26bdb7,2903390,6cc6f27008da3cd95b7e159d4e26bdb7.tflite,3056232,converted
139eaf391eac2a81db1f8c2c773217bf,3031497,139eaf391eac2a81db1f8c2c773217bf.tflite,3204624,converted
ef66ad59bfdc3b67ebf85282f0023bfc,3742858,ef66ad59bfdc3b67ebf85282f0023bfc.tflite,3917184,converted
499a1e154e7a374f942c6b492a5e57ea,3830154,499a1e154e7a374f942c6b492a5e57ea.tflite,4031472,converted
85745917b80e88f503fafc55d3b784c2,3742858,85745917b80e88f503fafc55d3b784c2.tflite,3911288,converted
6fd16839551ae8bde74ffe82bc1d3c0d,4182410,6fd16839551ae8bde74ffe82bc1d3c0d.tflite,4388336,converted
17231e3e4bdb695ba7f4938fe4bb313f,1300746,17231e3e4bdb695ba7f4938fe4bb313f.tflite,1434904,converted
dcdc3948b943b4377e2b0baf50459f99,21411210,dcdc3948b943b4377e2b0baf50459f99.tflite,21721672,converted
79845d7681f9e38d5afc6eb15c01b69e,5631114,79845d7681f9e38d5afc6eb15c01b69e.tflite,5803104,converted
a81775712491499974b4c6823ba04672,3479434,a81775712491499974b4c6823ba04672.tflite,3624504,converted
f835440e81485362082395859d0987de,5807242,f835440e81485362082395859d0987de.tflite,5981568,converted
16145ce8a1a7ec9c0cc956d794267763,3487287,16145ce8a1a7ec9c0cc956d794267763.tflite,3677944,converted
de4e842d79b6e1fc0ed6e7ffd24ee52d,15075722,de4e842d79b6e1fc0ed6e7ffd24ee52d.tflite,15500720,converted
27dc55892a49a9dd4fc9732c25d8fbcc,10462858,27dc55892a49a9dd4fc9732c25d8fbcc.tflite,10695768,converted
74430d913c2550db7eded985b42dbfc3,4095114,74430d913c2550db7eded985b42dbfc3.tflite,4274120,converted
fc0a8da602b989aa622f1f3428b34d23,4896138,fc0a8da602b989aa622f1f3428b34d23.tflite,5206672,converted
0ea046bd83ad24242aa4e1ed1090a073,11067786,0ea046bd83ad24242aa4e1ed1090a073.tflite,11264104,converted
3b8de24e123911da1bdbd359ebca2030,10188682,3b8de24e123911da1bdbd359ebca2030.tflite,10326448,converted
0392e8a0e2939ec313ca5c4ca0492312,1978762,0392e8a0e2939ec313ca5c4ca0492312.tflite,2063136,converted
ba4571cd14baeac35e8379941d456294,22290314,ba4571cd14baeac35e8379941d456294.tflite,22659248,converted
bfeb1695ef0d4465d162ef0b8b816ae8,1151626,bfeb1695ef0d4465d162ef0b8b816ae8.tflite,1267440,converted
860569af9621d6745663a2956c5191ad,6070666,860569af9621d6745663a2956c5191ad.tflite,6274320,converted
53f7747ecbe727ed4076735b503cb096,1753661,53f7747ecbe727ed4076735b503cb096.tflite,1864264,converted
ebace7e7ec5181756a89450508986151,5631114,ebace7e7ec5181756a89450508986151.tflite,5801232,converted
f38df1441545abd5a543b0e1ea1b9687,3742858,f38df1441545abd5a543b0e1ea1b9687.tflite,3917184,converted
941745c7ff13c8da20212953c63d1d32,8135050,941745c7ff13c8da20212953c63d1d32.tflite,8338632,converted
9d6a3f721926eebbf2277acdf938b14f,7871626,9d6a3f721926eebbf2277acdf938b14f.tflite,8045952,converted
3e8667d46a04ea4dc10417bab3bf1a7a,3819435,3e8667d46a04ea4dc10417bab3bf1a7a.tflite,3971248,converted
c63fcba86f8fd2f2eefaceda05d9aac8,15075722,c63fcba86f8fd2f2eefaceda05d9aac8.tflite,15498848,converted
7611f5af6fe0e785fc8dddff5c56a6fe,3742858,7611f5af6fe0e785fc8dddff5c56a6fe.tflite,3917184,converted
e87bdd0d8c14d7bb29f7943e86b94da2,6510218,e87bdd0d8c14d7bb29f7943e86b94da2.tflite,6745472,converted
fc015f1f7db46316a77c9158283d2816,3690678,fc015f1f7db46316a77c9158283d2816.tflite,3822072,converted
feab8d2a5346b73b648752a2f8a3afb4,5543818,feab8d2a5346b73b648752a2f8a3afb4.tflite,5686840,converted
968755e05b28d2bcd83ffd9db9b837dc,1591178,968755e05b28d2bcd83ffd9db9b837dc.tflite,1738664,converted
e1905b031520aca7bf8f052aebb222a2,3853194,e1905b031520aca7bf8f052aebb222a2.tflite,4105392,converted
2d28553a81331f53056dd92d99c4f169,658477,2d28553a81331f53056dd92d99c4f169.tflite,770336,converted
997324d7135eecbf9adfaab28c82993a,5543818,997324d7135eecbf9adfaab28c82993a.tflite,5687016,converted
49e68103df3021497b81b9a09cdba13e,7125898,49e68103df3021497b81b9a09cdba13e.tflite,7392424,converted
7249d1870bf53ad0b4e2fb501d6f3896,7695498,7249d1870bf53ad0b4e2fb501d6f3896.tflite,7867560,converted
66f099921991da4bc33d1a84c20c7888,3742858,66f099921991da4bc33d1a84c20c7888.tflite,3917184,converted
23f8555ecc00f016e990ecc73ea974b7,6686346,23f8555ecc00f016e990ecc73ea974b7.tflite,6923936,converted
7b2fd70156186ce9dd422edaae54ada1,1678474,7b2fd70156186ce9dd422edaae54ada1.tflite,1852872,converted
c371b88a82c4255021bc21b73830d5bc,3642172,c371b88a82c4255021bc21b73830d5bc.tflite,3789960,converted
71d941de64dc3f9945d01633fff34988,5367690,71d941de64dc3f9945d01633fff34988.tflite,5510424,converted
2e7117d2db43f73aa5f0c11b31d551ca,7871626,2e7117d2db43f73aa5f0c11b31d551ca.tflite,8045776,converted
abdf715e664f53708e379d1e10ab09d2,21411210,abdf715e664f53708e379d1e10ab09d2.tflite,21721600,converted
b4c0b02c5dcd1b49a7b47be99a3e0fda,8135050,b4c0b02c5dcd1b49a7b47be99a3e0fda.tflite,8338632,converted
ccf80617af17d98c352294ee869a9c2d,11946890,ccf80617af17d98c352294ee869a9c2d.tflite,12203552,converted
3f8f4dab056c62a53293c2db104f73e8,1830436,3f8f4dab056c62a53293c2db104f73e8.tflite,2024912,converted
4715b7a3caf0b875712a6881af9cbc44,3776038,4715b7a3caf0b875712a6881af9cbc44.tflite,3988784,converted
ad2890a0514518c4ad5823cafa7c77ee,1803577,ad2890a0514518c4ad5823cafa7c77ee.tflite,1953296,converted
a14c891ee1d865dbc8a66b1bc3cada51,23497098,a14c891ee1d865dbc8a66b1bc3cada51.tflite,23919832,converted
2d91b76965365cc40770e11ff78762cb,21411210,2d91b76965365cc40770e11ff78762cb.tflite,21721744,converted
d770fd35074cc3ef7dd76e1f96fd1946,4006282,d770fd35074cc3ef7dd76e1f96fd1946.tflite,4207992,converted
89cb2b3dd91a73e067eea4b1b67e033d,8311178,89cb2b3dd91a73e067eea4b1b67e033d.tflite,8517104,converted
71e04cbfe3702dc1ed4f20821e4af3c2,6070666,71e04cbfe3702dc1ed4f20821e4af3c2.tflite,6274248,converted
488f9cf59231ef9cfe99a8a167ebab52,32469898,488f9cf59231ef9cfe99a8a167ebab52.tflite,32953448,converted
febdd80a25f81f4500840977962e6091,4358538,febdd80a25f81f4500840977962e6091.tflite,4562088,converted
ef4e122586af81af81e59d7a5fe852b4,8311178,ef4e122586af81af81e59d7a5fe852b4.tflite,8517176,converted
d3b16e5675d9f02ba3cb845067780dd7,5807242,d3b16e5675d9f02ba3cb845067780dd7.tflite,5981568,converted
a69d0383a5e9bc079f0f1db3664d7445,1700674,a69d0383a5e9bc079f0f1db3664d7445.tflite,1828256,converted
e11345336a258038a60b4ee14b0b63ec,1740447,e11345336a258038a60b4ee14b0b63ec.tflite,1849488,converted
77360751867dd763715d7c921183d33b,5807242,77360751867dd763715d7c921183d33b.tflite,5981568,converted
c91dccc4fe706882a549d9502642e569,2646410,c91dccc4fe706882a549d9502642e569.tflite,2845064,converted
33e306159a60bba2d574ffc5f4ed7f14,5104266,33e306159a60bba2d574ffc5f4ed7f14.tflite,5215872,converted
c722f996d921294a5b74c622d4f7ac75,540721,c722f996d921294a5b74c622d4f7ac75.tflite,630056,converted
25096dc2986f9bd17a2d1ec37f88cfdf,15075722,25096dc2986f9bd17a2d1ec37f88cfdf.tflite,15500792,converted
5d7ea49c05cb125979613e066e3dbe9c,3216010,5d7ea49c05cb125979613e066e3dbe9c.tflite,3329592,converted
58c8f040b84f617501dea6f4ab582479,5939082,58c8f040b84f617501dea6f4ab582479.tflite,6305680,converted
f5932686e6f76e752739a82c0195d88f,3039882,f5932686e6f76e752739a82c0195d88f.tflite,3153360,converted
9658ee67bf050f0fbc8e337a6a5f6cee,2557578,9658ee67bf050f0fbc8e337a6a5f6cee.tflite,2792512,converted
5f14db94a47a90dd37d9f6793bdf2dc3,38969226,5f14db94a47a90dd37d9f6793bdf2dc3.tflite,39335824,converted
2105e2560b24d9f593f378f60564da62,1813801,2105e2560b24d9f593f378f60564da62.tflite,1965608,converted
7b00ba173f37fd11c3b879716dad1bd4,4358538,7b00ba173f37fd11c3b879716dad1bd4.tflite,4566800,converted
56b35f46f583628838463ac1439bcd7e,6070666,56b35f46f583628838463ac1439bcd7e.tflite,6272376,converted
287b525d274fd684528ed557aa9e6b11,5807242,287b525d274fd684528ed557aa9e6b11.tflite,5979448,converted
c17f0eaee8b311423d94291e79968952,1583443,c17f0eaee8b311423d94291e79968952.tflite,1693920,converted
f411a6c6997b344890a812d0018013e6,14032778,f411a6c6997b344890a812d0018013e6.tflite,14401712,converted
f8e7dff2bc55b4f3b4d911787fa5ee06,22454154,f8e7dff2bc55b4f3b4d911787fa5ee06.tflite,22820824,converted
f61401f2699068bc34583065c0f82d09,22454154,f61401f2699068bc34583065c0f82d09.tflite,22818808,converted
bc94f0e3a913530f3914612d02a328a3,4621962,bc94f0e3a913530f3914612d02a328a3.tflite,4856896,converted
3d56eb4a9e0b99ca34a1aa7813c36aad,10462858,3d56eb4a9e0b99ca34a1aa7813c36aad.tflite,10695696,converted
6974deeab04fad2934c8468d2f242171,6070666,6974deeab04fad2934c8468d2f242171.tflite,6274248,converted
6ac171bd805344168d374eaffcfffb06,9014154,6ac171bd805344168d374eaffcfffb06.tflite,9278160,converted
3dfde7715e83171f316625f00772ea23,539419,3dfde7715e83171f316625f00772ea23.tflite,630136,converted
c53bceec7935e8743e66c08fe7793a20,6510218,c53bceec7935e8743e66c08fe7793a20.tflite,6745400,converted
2bbd45993be265cb509161b6d75c8d92,14032778,2bbd45993be265cb509161b6d75c8d92.tflite,14401712,converted
f5d1ee732533b9317ae8820af664da43,1990727,f5d1ee732533b9317ae8820af664da43.tflite,2142160,converted
4d123b5ce85ac27b72d93983dacbbfd7,3742858,4d123b5ce85ac27b72d93983dacbbfd7.tflite,3917184,converted
f0c9d1e5015d7241fa317d8faaad89be,7695498,f0c9d1e5015d7241fa317d8faaad89be.tflite,7867488,converted
541fbc2bb9feabe7a972db79effde24c,38090122,541fbc2bb9feabe7a972db79effde24c.tflite,38396296,converted
f3b6690740bd363db9f2ec37ed01bd12,1615242,f3b6690740bd363db9f2ec37ed01bd12.tflite,1701736,converted
559021065a4066ca9f7a7137f3aa017d,10199434,559021065a4066ca9f7a7137f3aa017d.tflite,10403088,converted
0ed8f83666e1fb7f79ca02bdde890d2d,1013770,0ed8f83666e1fb7f79ca02bdde890d2d.tflite,1113960,converted
ab5eb5f1bbe888a3f8ac13fdb600675d,8574602,ab5eb5f1bbe888a3f8ac13fdb600675d.tflite,8809784,converted
4f990320c51592a8f706c332104cdf90,3479434,4f990320c51592a8f706c332104cdf90.tflite,3622456,converted
507470799f20b52f2c7a78723798b295,1742135,507470799f20b52f2c7a78723798b295.tflite,1853424,converted
2149da2d47575fcb253d4999f2b5e97c,12825994,2149da2d47575fcb253d4999f2b5e97c.tflite,13141136,converted
1eedce0cf2d0b9e046f262a7348bd5a4,1941898,1eedce0cf2d0b9e046f262a7348bd5a4.tflite,2145480,converted
a6953265167b76e2ecab4eb0afad6a3d,2665799,a6953265167b76e2ecab4eb0afad6a3d.tflite,2777088,converted
71269c92a7f4e2672144d06e336513e7,3742858,71269c92a7f4e2672144d06e336513e7.tflite,3917184,converted
188ca2126f2621e2f367864d15117356,5807242,188ca2126f2621e2f367864d15117356.tflite,5979696,converted
b91f365bf5006d28865808e3e74ddc75,12110730,b91f365bf5006d28865808e3e74ddc75.tflite,12359112,converted
c9204a6ad8dd6d811d5e5a2824101724,4709258,c9204a6ad8dd6d811d5e5a2824101724.tflite,4973696,converted
6790a334e6b6c6547a7526fb9bfec9ec,29668746,6790a334e6b6c6547a7526fb9bfec9ec.tflite,29979208,converted
50828655ed13926493ba6a7b7f2b881b,2997130,50828655ed13926493ba6a7b7f2b881b.tflite,3263656,converted
0970f440a3f00ae09ecdb6f5d27540e3,7871626,0970f440a3f00ae09ecdb6f5d27540e3.tflite,8045952,converted
2bf548699570ea68a4cd1b967cd088d5,6510218,2bf548699570ea68a4cd1b967cd088d5.tflite,6745472,converted
26ba0d72dc61765a22e3a27a93a358a2,4445834,26ba0d72dc61765a22e3a27a93a358a2.tflite,4681016,converted
731e2263c5d50c0a09dc9594f0c8a165,3216010,731e2263c5d50c0a09dc9594f0c8a165.tflite,3323800,converted
82689451fc85eacd865316b68270b01c,4709258,82689451fc85eacd865316b68270b01c.tflite,4971824,converted
a2ff048bbd10f06c03164c22f156a453,2381450,a2ff048bbd10f06c03164c22f156a453.tflite,2614040,converted
7d968619cd79b2da79057a364affc9d0,4269706,7d968619cd79b2da79057a364affc9d0.tflite,4502544,converted
ee28f560654617e3e995470c56839a77,1623077,ee28f560654617e3e995470c56839a77.tflite,1709896,converted
cd407f79ee6de966c8c3608ac60ea9b0,2266601,cd407f79ee6de966c8c3608ac60ea9b0.tflite,2439168,converted
ff77f2263d52b6f331a9aa3566825d0e,21247370,ff77f2263d52b6f331a9aa3566825d0e.tflite,21560168,converted
eb88cca91eb77beb19f50126349a8605,2974090,eb88cca91eb77beb19f50126349a8605.tflite,3169936,converted
abc4a96cad7cbefd12e365f184cad2c5,2045353,abc4a96cad7cbefd12e365f184cad2c5.tflite,2178568,converted
9679451bb3280c35d3c4bb2141d70694,21411210,9679451bb3280c35d3c4bb2141d70694.tflite,21721672,converted
4bdd9640c37f761d912bd5275b0f71df,3742858,4bdd9640c37f761d912bd5275b0f71df.tflite,3917184,converted
56d2a3860a876620dc350349b3bc369a,2898236,56d2a3860a876620dc350349b3bc369a.tflite,3050328,converted
8aacaa51eb7421d4fe918e3421437986,29832586,8aacaa51eb7421d4fe918e3421437986.tflite,30138760,converted
b5a93d6f54b779f0fa99b243466bacea,29668746,b5a93d6f54b779f0fa99b243466bacea.tflite,29979208,converted
03b9809587069dbdac357e57b8ff0976,3742858,03b9809587069dbdac357e57b8ff0976.tflite,3917184,converted
d7e9e3c65e3b93c7114f34b6cbadd6e7,2503003,d7e9e3c65e3b93c7114f34b6cbadd6e7.tflite,2612088,converted
92ae8634e6ea95d7d48e9fe6c2f3836b,14032778,92ae8634e6ea95d7d48e9fe6c2f3836b.tflite,14401712,converted
64a3f8ba8735c09f8ed1d8767e53b281,29668746,64a3f8ba8735c09f8ed1d8767e53b281.tflite,29977336,converted
b1e8588a4ddc7cdc703046d9c4bf5403,3039882,b1e8588a4ddc7cdc703046d9c4bf5403.tflite,3151232,converted
feed1719cca17d0201582220097bc1fc,5807242,feed1719cca17d0201582220097bc1fc.tflite,5979520,converted
ee7352572d1fe6d96f755c23ba85dce7,6686346,ee7352572d1fe6d96f755c23ba85dce7.tflite,6921280,converted
173b06d79e4c725a3c7bb7d2d1a05177,2794695,173b06d79e4c725a3c7bb7d2d1a05177.tflite,2926488,converted
0231bc51007e5e3ad54127eef319e4c0,3697575,0231bc51007e5e3ad54127eef319e4c0.tflite,3829128,converted
33de711d058769a9bc82740ea963bfe7,2457078,33de711d058769a9bc82740ea963bfe7.tflite,2631072,converted
56843fa944df2c025589ae799312fe60,3303306,56843fa944df2c025589ae799312fe60.tflite,3446040,converted
59d9ed3046cd87a504fcb05d916f6af8,31754634,59d9ed3046cd87a504fcb05d916f6af8.tflite,32177368,converted
b1075acb15c1416eb97ad6607cef4f3b,6949770,b1075acb15c1416eb97ad6607cef4f3b.tflite,7213960,converted
b9ba3436af81be9d9dbfb8ec840e59da,1678474,b9ba3436af81be9d9dbfb8ec840e59da.tflite,1852800,converted
1afab1094896c3d6eee4534861682aea,3534199,1afab1094896c3d6eee4534861682aea.tflite,3664408,converted
7a619819a92582cb90e72bcfcf59bf05,2632765,7a619819a92582cb90e72bcfcf59bf05.tflite,2805344,converted
013a977ba88a7972bed8f40b51051eb9,5775242,013a977ba88a7972bed8f40b51051eb9.tflite,6144176,converted
0e31775732548b0c90d80a6bd2f9154d,10023306,0e31775732548b0c90d80a6bd2f9154d.tflite,10222680,converted
cb6c7b3f3b686299a3434ee1aec84bbf,32469898,cb6c7b3f3b686299a3434ee1aec84bbf.tflite,32953520,converted
756df5b9051397eadeaa19cae9c89652,3479434,756df5b9051397eadeaa19cae9c89652.tflite,3624576,converted
7e1457ddf24845418005c21c07757841,8135050,7e1457ddf24845418005c21c07757841.tflite,8336760,converted
f87450c79234a89c0965595e47d65398,8574602,f87450c79234a89c0965595e47d65398.tflite,8809784,converted
a6e84cf206a71c1940c740e786109d4f,4182410,a6e84cf206a71c1940c740e786109d4f.tflite,4386464,converted
fa45f7c87cb218445e188cc2ea41e89c,1870892,fa45f7c87cb218445e188cc2ea41e89c.tflite,2003736,converted
d727d54d6c752cf42f7aded2b2cc7b80,832413,d727d54d6c752cf42f7aded2b2cc7b80.tflite,943768,converted
da189fa95f075497f9d4be190ebc86f8,32633738,da189fa95f075497f9d4be190ebc86f8.tflite,33114944,converted
cd6fda3c27790363c35161cad7065037,13153674,cd6fda3c27790363c35161cad7065037.tflite,13462264,converted
9f4f07e32195542677bd0acbba9cf3f4,5894538,9f4f07e32195542677bd0acbba9cf3f4.tflite,6093912,converted
a173b2b7cef1a83d2f4b2c60100e202b,13153674,a173b2b7cef1a83d2f4b2c60100e202b.tflite,13464136,converted
1d32ff28746ec3f856ff5b2103ff8c87,10199434,1d32ff28746ec3f856ff5b2103ff8c87.tflite,10403016,converted
98f98be5d542c77409e1af4470782107,29668746,98f98be5d542c77409e1af4470782107.tflite,29979136,converted
faa6da412ca93df4648fc5b4deb94913,12110730,faa6da412ca93df4648fc5b4deb94913.tflite,12364984,converted
7638de125a87ebdd2cc2b515b4d41fc9,1756463,7638de125a87ebdd2cc2b515b4d41fc9.tflite,1867752,converted
5df59f7f6a28ec02e4cd0bb73cc5729c,3035601,5df59f7f6a28ec02e4cd0bb73cc5729c.tflite,3208728,converted
2828eef801200e5557e3024786e8ec74,6686346,2828eef801200e5557e3024786e8ec74.tflite,6921280,converted
c5be66d9056923e12cd092c193900a5c,4896138,c5be66d9056923e12cd092c193900a5c.tflite,5206600,converted
a73457200f0d7383a3bcdd22415c0fca,32633738,a73457200f0d7383a3bcdd22415c0fca.tflite,33114944,converted
dc0f4db6c382d06662b2bd2d1af3a207,4445834,dc0f4db6c382d06662b2bd2d1af3a207.tflite,4681016,converted
b5b2760be383c2f1485073b1c54d02e9,497674,b5b2760be383c2f1485073b1c54d02e9.tflite,597640,converted
9cbe27c0f0a34fbfa53c8f1ac14ecd75,3303306,9cbe27c0f0a34fbfa53c8f1ac14ecd75.tflite,3446112,converted
012deff52786819c4b8ca442cc075ac9,4896138,012deff52786819c4b8ca442cc075ac9.tflite,5206600,converted
5e11a5dd66f2fe5785675625e3df818a,3410512,5e11a5dd66f2fe5785675625e3df818a.tflite,3520952,converted
e83661302ea89bc69e03d6ef3941449d,4006282,e83661302ea89bc69e03d6ef3941449d.tflite,4209864,converted
bb00db7cdbac28ecfdb1a69529ce1dfc,10023306,bb00db7cdbac28ecfdb1a69529ce1dfc.tflite,10224552,converted
e2317031edbcb3e2148b8cfb105e53a6,13153674,e2317031edbcb3e2148b8cfb105e53a6.tflite,13462192,converted
01e08d5b229c39f1b9d53ed89690c0fe,31754634,01e08d5b229c39f1b9d53ed89690c0fe.tflite,32177368,converted
276d9b262722e4cb6391dc9fed698aa7,24376202,276d9b262722e4cb6391dc9fed698aa7.tflite,24857408,converted
829770556ba3fbf0e154772f5f037d34,6949770,829770556ba3fbf0e154772f5f037d34.tflite,7213960,converted
ccdbdaf440fa55eddccfe5549892a513,14196618,ccdbdaf440fa55eddccfe5549892a513.tflite,14563144,converted
606f15037b5bd4d79ace4200792b95cf,6070666,606f15037b5bd4d79ace4200792b95cf.tflite,6274248,converted
f2e929040a2e3997ef1cca09c24fcd63,3742858,f2e929040a2e3997ef1cca09c24fcd63.tflite,3917256,converted
ddf669ff1dbf4454922a524df32e27b4,1151626,ddf669ff1dbf4454922a524df32e27b4.tflite,1267512,converted
f695bddd6660304cb27b7cefffe9c3cb,2332938,f695bddd6660304cb27b7cefffe9c3cb.tflite,2467096,converted
17fd2abaf102f70113324aa2e536f8c4,1978038,17fd2abaf102f70113324aa2e536f8c4.tflite,2130760,converted
be8770aa22f4d87e9f298e7df5bb2cec,6334090,be8770aa22f4d87e9f298e7df5bb2cec.tflite,6567000,converted
6236f0cf8574d9b0a3866e636b9f1915,15075722,6236f0cf8574d9b0a3866e636b9f1915.tflite,15498672,converted
8a666b281d20242f496975081b2e601a,8135050,8a666b281d20242f496975081b2e601a.tflite,8338632,converted
afbae1c035782c5f51f7542247d99794,6510218,afbae1c035782c5f51f7542247d99794.tflite,6745400,converted
0c7938a14731a85d2fd0aca298eda074,12110730,0c7938a14731a85d2fd0aca298eda074.tflite,12363112,converted
b2dc755e6163fdadfaf1a20f11ede4f7,3742858,b2dc755e6163fdadfaf1a20f11ede4f7.tflite,3917184,converted
fc41ef9b2bce1764654dc9f0975f75da,31590794,fc41ef9b2bce1764654dc9f0975f75da.tflite,32015864,converted
f28ae524c59c34448f690570c75b8921,5807242,f28ae524c59c34448f690570c75b8921.tflite,5979696,converted
e8dcca075e681e84f571db2efc3ec40f,5367690,e8dcca075e681e84f571db2efc3ec40f.tflite,5510424,converted
70b10fe679ce2c532a9b061c609da8bc,3818973,70b10fe679ce2c532a9b061c609da8bc.tflite,3971152,converted
80fb4464d0ab82d5f124d228ffd9507c,6246794,80fb4464d0ab82d5f124d228ffd9507c.tflite,6452720,converted
8dcab98e50962bc64eb888de400a2d60,3797474,8dcab98e50962bc64eb888de400a2d60.tflite,4011064,converted
0213ed65ad672eea518d0a12474f2c95,6686346,0213ed65ad672eea518d0a12474f2c95.tflite,6923864,converted
cdbbc16cd07c19df63f60ad775930739,5807242,cdbbc16cd07c19df63f60ad775930739.tflite,5981568,converted
0e1593a94de5bc5e0ebff96ebe4e7304,16118666,0e1593a94de5bc5e0ebff96ebe4e7304.tflite,16599944,converted
bb324de5f249ac88fbd794a0b956bcce,3380280,bb324de5f249ac88fbd794a0b956bcce.tflite,3550960,converted
a6fda1cd5df4a97f5f44e8fd7f0d922c,13153674,a6fda1cd5df4a97f5f44e8fd7f0d922c.tflite,13462192,converted
b2ad69553f55d4963afbb50157f215c2,12274570,b2ad69553f55d4963afbb50157f215c2.tflite,12524680,converted
818335e2311b94ab15cbd7c90cae21e7,1415050,818335e2311b94ab15cbd7c90cae21e7.tflite,1560192,converted
5e95e5c6fd2546091f15faf89354d6c4,3742858,5e95e5c6fd2546091f15faf89354d6c4.tflite,3915312,converted
6bc1790ed429d54dc732031f2301632a,3001610,6bc1790ed429d54dc732031f2301632a.tflite,3138112,converted
3eb1860d00ce75987821bd9488f62779,3812076,3eb1860d00ce75987821bd9488f62779.tflite,3964096,converted
2353fb48bc457d282a97ca0952fe81cc,30547850,2353fb48bc457d282a97ca0952fe81cc.tflite,30912720,converted
d2a6d6bf9e5dc6b4f42877c8337be76a,32633738,d2a6d6bf9e5dc6b4f42877c8337be76a.tflite,33114944,converted
44bad87ab79a3a52454df027b78239d6,13317514,44bad87ab79a3a52454df027b78239d6.tflite,13625632,converted
64e617b3d07537e40a3af1e46f04149c,6070666,64e617b3d07537e40a3af1e46f04149c.tflite,6272376,converted
90d41553c012f05a35e0fd41d5b68295,21411210,90d41553c012f05a35e0fd41d5b68295.tflite,21721672,converted
50f547237914d4118edd8914803ddbdc,6686346,50f547237914d4118edd8914803ddbdc.tflite,6921096,converted
4eb779285481e2feb4ab6f42f3d72f66,1989425,4eb779285481e2feb4ab6f42f3d72f66.tflite,2141544,converted
662d9184fd7655dd178bf295c956ee95,20368266,662d9184fd7655dd178bf295c956ee95.tflite,20620720,converted
812c06587548f3ae3f60452b70805bd5,11946890,812c06587548f3ae3f60452b70805bd5.tflite,12203552,converted
a29711f5a7d0a8ec8f2e53c6bddd7964,947817,a29711f5a7d0a8ec8f2e53c6bddd7964.tflite,1077064,converted
4531192adce55781b30058b1472f145c,6246794,4531192adce55781b30058b1472f145c.tflite,6448256,converted
2a5ecf52cbbc72f82e9d3f85f3899354,2784332,2a5ecf52cbbc72f82e9d3f85f3899354.tflite,2916032,converted
254b3c11e4f6b7efff630810abcfb911,830972,254b3c11e4f6b7efff630810abcfb911.tflite,943440,converted
69889310ffdbb4feaa38a8bf64d33be0,3742858,69889310ffdbb4feaa38a8bf64d33be0.tflite,3917008,converted
d8122813748cebcc0b7a8839f495e388,1301292,d8122813748cebcc0b7a8839f495e388.tflite,1425872,converted
aa7b0f3ebe30e40cce3f0273b083e7c3,4094972,aa7b0f3ebe30e40cce3f0273b083e7c3.tflite,4267512,converted
1e174f53f1f1ab7f67f3117c88f06469,31590794,1e174f53f1f1ab7f67f3117c88f06469.tflite,32015792,converted
d9b7c55d59734ccf8326b76d0c789e1d,1702501,d9b7c55d59734ccf8326b76d0c789e1d.tflite,1834112,converted
fec1892b1361b3b2a5b9e5275c65e15b,8838026,fec1892b1361b3b2a5b9e5275c65e15b.tflite,9102536,converted
246b7cbd9e3cf0a489eaf9c4a1da7259,15075722,246b7cbd9e3cf0a489eaf9c4a1da7259.tflite,15500792,converted
32901a6e3614f2ee9c380c73c1866fef,22454154,32901a6e3614f2ee9c380c73c1866fef.tflite,22817008,converted
b94752eaa467ee9b62e24643dfec7376,7695498,b94752eaa467ee9b62e24643dfec7376.tflite,7865616,converted
49a9d8dfd3aec23d3272a62ec606532b,12110730,49a9d8dfd3aec23d3272a62ec606532b.tflite,12359112,converted
2626b5c0d77a00273062ab96adf47b64,3303306,2626b5c0d77a00273062ab96adf47b64.tflite,3446040,converted
24c4c721360d64daac9dd571817d6f6b,3742858,24c4c721360d64daac9dd571817d6f6b.tflite,3917184,converted
21fc7949ccbefbbaaa879490155fce24,5543818,21fc7949ccbefbbaaa879490155fce24.tflite,5688960,converted
90a35050239ec41f90adb19f0aa7a9e3,2810250,90a35050239ec41f90adb19f0aa7a9e3.tflite,3008368,converted
3d2007d30a4f4e8292f10aef473b932c,3479434,3d2007d30a4f4e8292f10aef473b932c.tflite,3624328,converted
b6c9554acdc4b47d81823ba67626f845,12110730,b6c9554acdc4b47d81823ba67626f845.tflite,12363184,converted
87ddd8c9aaa5ffcfa8988b2208320cbd,23169418,87ddd8c9aaa5ffcfa8988b2208320cbd.tflite,23596832,converted
2777d15efdb2babf660108adf41b5c58,2727241,2777d15efdb2babf660108adf41b5c58.tflite,2879048,converted
33704b07a5a9057ba5b18f1cc2709d14,2381450,33704b07a5a9057ba5b18f1cc2709d14.tflite,2616632,converted
9ab996abaf7c9b44d657088a4eca7052,3084560,9ab996abaf7c9b44d657088a4eca7052.tflite,3237088,converted
7dac2cae5fa78726418f85166c822c17,12110730,7dac2cae5fa78726418f85166c822c17.tflite,12365056,converted
dbbbf73630874fcf19e5882a333c8f83,12966794,dbbbf73630874fcf19e5882a333c8f83.tflite,13226768,converted
db34a957b2ff14cb155c0ea81bf4db87,3566730,db34a957b2ff14cb155c0ea81bf4db87.tflite,3738792,converted
5dca441cabeb96bd96af5c8dc540e3b1,2780880,5dca441cabeb96bd96af5c8dc540e3b1.tflite,2913336,converted
7ad086bdc3ebfa56a8ef5f6f0214df83,6246794,7ad086bdc3ebfa56a8ef5f6f0214df83.tflite,6452720,converted
c84170e92aef5079ae923a958cddfb1b,1816842,c84170e92aef5079ae923a958cddfb1b.tflite,1951000,converted
9d945979a511db5b3a3bcf0e56ce77a5,4182410,9d945979a511db5b3a3bcf0e56ce77a5.tflite,4388336,converted
ea4a1885508c0b236fe14f88d0773248,19489162,ea4a1885508c0b236fe14f88d0773248.tflite,19685008,converted
f65ccd24829156b6fc964b6588adae34,3479434,f65ccd24829156b6fc964b6588adae34.tflite,3624576,converted
f5367826158a961af9d90baf1c87c2da,20368266,f5367826158a961af9d90baf1c87c2da.tflite,20622592,converted
cec68c37e39cdef55c32fd2f562fc68b,3742858,cec68c37e39cdef55c32fd2f562fc68b.tflite,3917256,converted
1eeeb1ba375ad89b28edc6e8b86d2b95,5367690,1eeeb1ba375ad89b28edc6e8b86d2b95.tflite,5510424,converted
05932f264e5efffbbc8ec56d786d930f,20532106,05932f264e5efffbbc8ec56d786d930f.tflite,20782144,converted
77511ebad54fd5cd1ecf8dc29db36772,21575050,77511ebad54fd5cd1ecf8dc29db36772.tflite,21881224,converted
95717613c5c79692756a23a8a02ffdb6,6510218,95717613c5c79692756a23a8a02ffdb6.tflite,6745400,converted
784c6b907ef3777f5773e13da3f13f2a,5894538,784c6b907ef3777f5773e13da3f13f2a.tflite,6095784,converted
bc12ef2ce699b9f9ed98731c977784ac,30711690,bc12ef2ce699b9f9ed98731c977784ac.tflite,31078216,converted
d9a6295bbadec2b1101b82fcb37e49b8,12110730,d9a6295bbadec2b1101b82fcb37e49b8.tflite,12365056,converted
0d3c0ce16a90c0d50618769f2547c8f2,20368266,0d3c0ce16a90c0d50618769f2547c8f2.tflite,20620536,converted
2606681fe3610e3e4daf4995c9080417,2032000,2606681fe3610e3e4daf4995c9080417.tflite,2165360,converted
110619da4fafebfc831b21d26343a230,1578289,110619da4fafebfc831b21d26343a230.tflite,1684720,converted
eb2e7682970067c40aa7af44d5e627ea,8838026,eb2e7682970067c40aa7af44d5e627ea.tflite,9102536,converted
7d0ffe256707d06c1d36df577af56c01,3827706,7d0ffe256707d06c1d36df577af56c01.tflite,3980608,converted
6b3807ffed5e90baa1a79b13eb580467,2505805,6b3807ffed5e90baa1a79b13eb580467.tflite,2615576,converted
fa9d6216024458ea636b391ba8d4d9a2,2269591,fa9d6216024458ea636b391ba8d4d9a2.tflite,2440344,converted
a673e53e87c4c863a3129b8cb9ac5cda,1832915,a673e53e87c4c863a3129b8cb9ac5cda.tflite,2025408,converted
4245cf188529ab9dfb9f6ed42cf166fd,13317514,4245cf188529ab9dfb9f6ed42cf166fd.tflite,13623688,converted
6c8ac33982f9b3e9bd26d7475e208bfd,12110730,6c8ac33982f9b3e9bd26d7475e208bfd.tflite,12365056,converted
2287179716f9f737509e545a72935d73,14196618,2287179716f9f737509e545a72935d73.tflite,14563216,converted
d1c2fa68b28ca0d06453a5e10db81a1d,4182410,d1c2fa68b28ca0d06453a5e10db81a1d.tflite,4383624,converted
b5c67e246aa1b13c2a1f368cfaf3705e,2784984,b5c67e246aa1b13c2a1f368cfaf3705e.tflite,2916744,converted
2c6d2b337e4e88e1b95b956eeb25a765,6246794,2c6d2b337e4e88e1b95b956eeb25a765.tflite,6452536,converted
a3712156fcf71d5eeb9df1c3a4ccb91c,9014154,a3712156fcf71d5eeb9df1c3a4ccb91c.tflite,9278344,converted
178a4448e12d9f02821df3b4993a5897,22454154,178a4448e12d9f02821df3b4993a5897.tflite,22818808,converted
c5a8ee1abdf621ea2c39d88965507a27,3479434,c5a8ee1abdf621ea2c39d88965507a27.tflite,3622632,converted
88533e8540790ea14214199b7b18c5a8,2779703,88533e8540790ea14214199b7b18c5a8.tflite,2911976,converted
7fee9a1c1f5b70593e05d7cd21e47a89,4104279,7fee9a1c1f5b70593e05d7cd21e47a89.tflite,4278864,converted
20259ceb22b0ddbdc2fa770958593602,1757765,20259ceb22b0ddbdc2fa770958593602.tflite,1868368,converted
d984ccdb72739e3717e3309f0aebf9c1,31754634,d984ccdb72739e3717e3309f0aebf9c1.tflite,32177368,converted
23210bc67e4905db94d53ca2faa94683,6818186,23210bc67e4905db94d53ca2faa94683.tflite,7243256,converted
e019e10875ae9981426e349e4c21f4b2,30711690,e019e10875ae9981426e349e4c21f4b2.tflite,31076416,converted
61ef98af9a58bd3bda7abab8e83cb7be,8135050,61ef98af9a58bd3bda7abab8e83cb7be.tflite,8338632,converted
076175c02ee6af358f26fc51a966a1bd,712074,076175c02ee6af358f26fc51a966a1bd.tflite,796296,converted
bcc43ab208a192a9ef8a1d41acdd79c9,4445834,bcc43ab208a192a9ef8a1d41acdd79c9.tflite,4678424,converted
e2d787062ed9ea083cbc441ea26d1c55,22454154,e2d787062ed9ea083cbc441ea26d1c55.tflite,22818880,converted
9be41c6cf6d0d5c24f123ede691165ec,3742858,9be41c6cf6d0d5c24f123ede691165ec.tflite,3917184,converted
628526cec91609b8097d3013ceb767c7,8135050,628526cec91609b8097d3013ceb767c7.tflite,8338632,converted
9ddcb4352e76b30e81657979f9b9cbef,4182410,9ddcb4352e76b30e81657979f9b9cbef.tflite,4388336,converted
3c2c0a28728a8b319c56a49cc6e7be5b,2485021,3c2c0a28728a8b319c56a49cc6e7be5b.tflite,2595248,converted
9cfdcd94e42e27e1c98ab7a399c632c0,4182410,9cfdcd94e42e27e1c98ab7a399c632c0.tflite,4388336,converted
8833639bdf7c2aa109b969c32a65cc28,3805107,8833639bdf7c2aa109b969c32a65cc28.tflite,3958128,converted
d8720cf71455c485e0681eec0efc0901,1582141,d8720cf71455c485e0681eec0efc0901.tflite,1692592,converted
b898e8a7ada8eadb0319638eb2d0520f,1297125,b898e8a7ada8eadb0319638eb2d0520f.tflite,1430448,converted
f855024dab425fb633b79b99c14f6c6f,2790066,f855024dab425fb633b79b99c14f6c6f.tflite,2921832,converted
6463dec236838bad09900bdd64ef2f33,9014154,6463dec236838bad09900bdd64ef2f33.tflite,9278344,converted
a6aa499904b38cfc07eeb87621b614cb,4182410,a6aa499904b38cfc07eeb87621b614cb.tflite,4388080,converted
5560a0022cd242a55df856129ca05f31,6686346,5560a0022cd242a55df856129ca05f31.tflite,6921280,converted
971d4a887ef4b24e31731c0dfd816253,2885547,971d4a887ef4b24e31731c0dfd816253.tflite,3037360,converted
33c3a6e65de0802b77577b5416b38e14,8135050,33c3a6e65de0802b77577b5416b38e14.tflite,8338632,converted
7400bf856a8e6d142ff2a3b0fc2cd82e,20532106,7400bf856a8e6d142ff2a3b0fc2cd82e.tflite,20782144,converted
a71e4989d59440b14d17f2e51c4beb8e,7432074,a71e4989d59440b14d17f2e51c4beb8e.tflite,7572936,converted
d25c9fed0f1c901c0521051a4febd1bf,3918986,d25c9fed0f1c901c0521051a4febd1bf.tflite,4093528,converted
cd17cc7975a3b4f0b73facf850d79c18,9014154,cd17cc7975a3b4f0b73facf850d79c18.tflite,9278344,converted
86234eb6135af3960d7fdea3d65f645a,5631114,86234eb6135af3960d7fdea3d65f645a.tflite,5803104,converted
d6c124aba638334ac6cee7489841ffa2,10462858,d6c124aba638334ac6cee7489841ffa2.tflite,10695696,converted
0613b92e3d1d46b3d29fcf00d44072c6,12274570,0613b92e3d1d46b3d29fcf00d44072c6.tflite,12526552,converted
faaf733e64d40eb34c34eed272e40d9b,1166346,faaf733e64d40eb34c34eed272e40d9b.tflite,1268872,converted
ece70dffadf532dc5849678b88a3a3fb,7871626,ece70dffadf532dc5849678b88a3a3fb.tflite,8045952,converted
c51ebcacd4c1298650f62d479909cae5,2151058,c51ebcacd4c1298650f62d479909cae5.tflite,2305112,converted
ed56282d8e234fa03130e028474f57f8,2780228,ed56282d8e234fa03130e028474f57f8.tflite,2907680,converted
f54e2d5671f531b036009e919d5d46a9,41770378,f54e2d5671f531b036009e919d5d46a9.tflite,42310136,converted
e56d77ed1d5634b48167397e5549248d,5983370,e56d77ed1d5634b48167397e5549248d.tflite,6160112,converted
4df77cc17c3da268de7f2566927bcf22,22617994,4df77cc17c3da268de7f2566927bcf22.tflite,22980304,converted
25f9518d1d78d0afa6973598504514c1,3303306,25f9518d1d78d0afa6973598504514c1.tflite,3442040,converted
d8247320433d41c895e88548b5b4820c,6246794,d8247320433d41c895e88548b5b4820c.tflite,6452720,converted
7a7df354c9ed7699de9797a3c8de2391,13153674,7a7df354c9ed7699de9797a3c8de2391.tflite,13464136,converted
8931375b17571d1c7fbf7c112dbe28bc,2780880,8931375b17571d1c7fbf7c112dbe28bc.tflite,2912640,converted
f214e14c0f4c5c4e0f4f063de6ce4f5b,4861043,f214e14c0f4c5c4e0f4f063de6ce4f5b.tflite,5033600,converted
8a67d9ba0c93eb2f70c707fc6efff028,833576,8a67d9ba0c93eb2f70c707fc6efff028.tflite,945544,converted
75d640430a93c0904cfcd3d62d2df91e,22290314,75d640430a93c0904cfcd3d62d2df91e.tflite,22659248,converted
da64b84922d9d2bbaf218f3c42eb69c8,3382107,da64b84922d9d2bbaf218f3c42eb69c8.tflite,3552832,converted
f29fd2bdc03f5a8989c71075d380ec32,10188682,f29fd2bdc03f5a8989c71075d380ec32.tflite,10326272,converted
40c30309ae39ffbe1f8abf6756e287f7,1458454,40c30309ae39ffbe1f8abf6756e287f7.tflite,1548448,converted
b9b8d68a9e92490be9fae5fe98c93fff,7871626,b9b8d68a9e92490be9fae5fe98c93fff.tflite,8046024,converted
1dc4b0379b65b432b148aeed88fc6504,2857003,1dc4b0379b65b432b148aeed88fc6504.tflite,3069776,converted
1e7a78da6c7fdcd80c785c167a962a25,6334090,1e7a78da6c7fdcd80c785c167a962a25.tflite,6566928,converted
8d9bd61b19a1c7b12f72ae934f99efb0,28789642,8d9bd61b19a1c7b12f72ae934f99efb0.tflite,29039752,converted
8e85de1dead7e9c3e04aa83a4a4b5ab1,19489162,8e85de1dead7e9c3e04aa83a4a4b5ab1.tflite,19684936,converted
01255ccfd5c249c23e59b1125d370908,2615080,01255ccfd5c249c23e59b1125d370908.tflite,2744512,converted
cb4bd6a6a236330b89824fbfe461ae95,30711690,cb4bd6a6a236330b89824fbfe461ae95.tflite,31078216,converted
9a00438f0896232e140bc6386da5795f,832413,9a00438f0896232e140bc6386da5795f.tflite,943768,converted
54cbad9f4badfda552f47b5c8aad5137,3479434,54cbad9f4badfda552f47b5c8aad5137.tflite,3622456,converted
bd9fee5fb5cc050e8789cabe7f06ea7e,1327754,bd9fee5fb5cc050e8789cabe7f06ea7e.tflite,1444248,converted
6850ec2ead9d6fdaa4c0776aaf42876d,4445834,6850ec2ead9d6fdaa4c0776aaf42876d.tflite,4681016,converted
a1cab48052a76de2d82508410bd2761e,4863162,a1cab48052a76de2d82508410bd2761e.tflite,5076280,converted
72e05c25b5a8771bf76e9125182dd07e,583050,72e05c25b5a8771bf76e9125182dd07e.tflite,669544,converted
434730abe97b96cec671a5ca2f9be8d7,3820440,434730abe97b96cec671a5ca2f9be8d7.tflite,4013112,converted
c31fc88bf3c0becde256e1b15e057305,3479434,c31fc88bf3c0becde256e1b15e057305.tflite,3622456,converted
bc09be64afbb2ccb28cde3bcae556f67,3742858,bc09be64afbb2ccb28cde3bcae556f67.tflite,3913192,converted
cc7555855ad0d1c36537a472dea36288,3742858,cc7555855ad0d1c36537a472dea36288.tflite,3917184,converted
41d209a4137cdf29810fb5394ee2a325,4621962,41d209a4137cdf29810fb5394ee2a325.tflite,4856896,converted
6064491c87b641562dd0291d38f6f1b3,2621011,6064491c87b641562dd0291d38f6f1b3.tflite,2747880,converted
e74a9b5637bd5660b3e1538bf5a8348d,14032778,e74a9b5637bd5660b3e1538bf5a8348d.tflite,14401712,converted
5c634822c6a87824df00040e36f54d1e,5631114,5c634822c6a87824df00040e36f54d1e.tflite,5801232,converted
c5612807a5fab7a7e13df996f8092095,5983370,c5612807a5fab7a7e13df996f8092095.tflite,6160040,converted
90ef47dbc5f8d324099359433fbe82df,22454154,90ef47dbc5f8d324099359433fbe82df.tflite,22820752,converted
b372fb0e24b1511b7805d1d6bd1c78c6,4621962,b372fb0e24b1511b7805d1d6bd1c78c6.tflite,4856896,converted
cd26e0df01ed71630181ef4a14bec2a7,4006282,cd26e0df01ed71630181ef4a14bec2a7.tflite,4207992,converted
6d9c587c4e9c1de570921cee9285779c,5807242,6d9c587c4e9c1de570921cee9285779c.tflite,5981640,converted
72cdfc295aa3c7e452a9480c570e4d5d,2738242,72cdfc295aa3c7e452a9480c570e4d5d.tflite,2888120,converted
bcac9da9e452e7374364a599a26a61a0,4885386,bcac9da9e452e7374364a599a26a61a0.tflite,5149576,converted
19a7627b5a32093b415f7837ab27e5cd,3365427,19a7627b5a32093b415f7837ab27e5cd.tflite,3536080,converted
57468b7c4dd6508014213945941ccac7,2893944,57468b7c4dd6508014213945941ccac7.tflite,3045544,converted
a618386c489b558ce5bd285d4ea793ec,2505805,a618386c489b558ce5bd285d4ea793ec.tflite,2612976,converted
a2188a64504f13d0f5ad85a687d10743,1358953,a2188a64504f13d0f5ad85a687d10743.tflite,1533232,converted
440eb0e6a2a15d43b7de88aa18e60432,2788239,440eb0e6a2a15d43b7de88aa18e60432.tflite,2919792,converted
daa04c99428f1e8e209b044925bbe453,23497098,daa04c99428f1e8e209b044925bbe453.tflite,23919832,converted
7984708a06fc3e37d577f96c99c1914c,1700674,7984708a06fc3e37d577f96c99c1914c.tflite,1832248,converted
74c556c77a4f772445c11f8ee8496d80,13317514,74c556c77a4f772445c11f8ee8496d80.tflite,13623688,converted
adf5ea752a5c97d75deb8456afa39921,1448230,adf5ea752a5c97d75deb8456afa39921.tflite,1534928,converted
4b7e61372913b6f62f3d30bf58b730b2,540196,4b7e61372913b6f62f3d30bf58b730b2.tflite,629504,converted
8885e8e531900b8af1393e4e45cf43d8,4445834,8885e8e531900b8af1393e4e45cf43d8.tflite,4681016,converted
5c5e966af0655bb6e4798ffebaa6e9d3,7697290,5c5e966af0655bb6e4798ffebaa6e9d3.tflite,8180912,converted
6426e2a1f853bb8ade10ee7588a54730,3742858,6426e2a1f853bb8ade10ee7588a54730.tflite,3917256,converted
1ec8f6c2cee11678ee2390c9a260756d,5631114,1ec8f6c2cee11678ee2390c9a260756d.tflite,5803104,converted
f627608694b88eeacc8253f51060b857,1857678,f627608694b88eeacc8253f51060b857.tflite,1987656,converted
2ee627980d8e573758a45c6b555c2853,1464385,2ee627980d8e573758a45c6b555c2853.tflite,1555632,converted
1f5dd39f87696e1919815c0f2bfe69fc,14360458,1f5dd39f87696e1919815c0f2bfe69fc.tflite,14722768,converted
a38ce90687a1f0d4d58ef9df300c4dc1,8574602,a38ce90687a1f0d4d58ef9df300c4dc1.tflite,8807192,converted
44c687c7c21a75a7cfa0bceebafe1853,1870367,44c687c7c21a75a7cfa0bceebafe1853.tflite,1999920,converted
9c9e127b5d94aaad1a511c080df7a376,30875530,9c9e127b5d94aaad1a511c080df7a376.tflite,31235968,converted
2a0e13ead6ab55828814b273435fc75e,31590794,2a0e13ead6ab55828814b273435fc75e.tflite,32015864,converted
5013d4898aaba30673c3858589091b4f,946570,5013d4898aaba30673c3858589091b4f.tflite,1030944,converted
0c89700597ad3662c85d1a1457ca94c2,7432074,0c89700597ad3662c85d1a1457ca94c2.tflite,7574808,converted
6ef23dc67b0326c9a53e757dcc44cdee,23333258,6ef23dc67b0326c9a53e757dcc44cdee.tflite,23758328,converted
f79061c4679484779255ec78c54f0cab,6510218,f79061c4679484779255ec78c54f0cab.tflite,6745472,converted
4e1268021f7b3b4b8c5d2a78d7fd158a,1767306,4e1268021f7b3b4b8c5d2a78d7fd158a.tflite,1909360,converted
d98fc5a029389cee389e94c6f37b0503,4445834,d98fc5a029389cee389e94c6f37b0503.tflite,4680832,converted
4c5eaba938e815cbd108047cd8607dea,4006282,4c5eaba938e815cbd108047cd8607dea.tflite,4209864,converted
28986004b1d5902d97878e6a72802dc9,2456616,28986004b1d5902d97878e6a72802dc9.tflite,2625176,converted
842cd6998525233fe308e28fb49186e6,5631114,842cd6998525233fe308e28fb49186e6.tflite,5799328,converted
c03408d8ed90c0cdece556cca6d19cf9,5631114,c03408d8ed90c0cdece556cca6d19cf9.tflite,5801232,converted
a2b1e16ff660f631ac8f510558f5e28e,3688389,a2b1e16ff660f631ac8f510558f5e28e.tflite,3819936,converted
71a8e99338968a1b97aff372cff0f436,30711690,71a8e99338968a1b97aff372cff0f436.tflite,31078288,converted
b03f7cb52ec8640a3b4f171a735d482e,8135050,b03f7cb52ec8640a3b4f171a735d482e.tflite,8338632,converted
d6117ac0727b027348bb056759b3315a,8135050,d6117ac0727b027348bb056759b3315a.tflite,8338632,converted
3ef49efe0e4a2a933c3ea7e495840b20,1415050,3ef49efe0e4a2a933c3ea7e495840b20.tflite,1558072,converted
8da04adf608eb22905587f461a1c3edd,2265738,8da04adf608eb22905587f461a1c3edd.tflite,2383864,converted
470e00408601e3cc9760a6f80b47fbfa,2503003,470e00408601e3cc9760a6f80b47fbfa.tflite,2612088,converted
48dd2a7fd5946b035b67d230341f3116,2974090,48dd2a7fd5946b035b67d230341f3116.tflite,3167992,converted
3d1d7f2bdc5edf724b40a350b2812bd8,3643474,3d1d7f2bdc5edf724b40a350b2812bd8.tflite,3793352,converted
8ac52337a9d2258225417431679eb4ac,3742858,8ac52337a9d2258225417431679eb4ac.tflite,3917184,converted
d60b34a41e93a34223bbe48371ead7d3,3534199,d60b34a41e93a34223bbe48371ead7d3.tflite,3664408,converted
b8f5db82f5646ced448205c7de637f33,6686346,b8f5db82f5646ced448205c7de637f33.tflite,6921280,converted
b8ac1fcbc2fca0dfc45a99652b502843,5631114,b8ac1fcbc2fca0dfc45a99652b502843.tflite,5803176,converted
3da7fc84de81ce81a990dc70de00cdad,2327334,3da7fc84de81ce81a990dc70de00cdad.tflite,2478712,converted
d90d77bd03a3eae63cb33212bc576b1c,14196618,d90d77bd03a3eae63cb33212bc576b1c.tflite,14563216,converted
3efc34735e14b14fe5d6fb52c9578b76,3303306,3efc34735e14b14fe5d6fb52c9578b76.tflite,3446040,converted
0dee31cc5fa22a286f00a90c2dc8f8ee,19489162,0dee31cc5fa22a286f00a90c2dc8f8ee.tflite,19683064,converted
84a55e4cde35e728f9f0d1f1e83badc0,7871626,84a55e4cde35e728f9f0d1f1e83badc0.tflite,8045952,converted
842c29188050053fcea49339bb043deb,40891274,842c29188050053fcea49339bb043deb.tflite,41372480,converted
9d6114a69e8dd4e9fd94a4135acefe34,420361,9d6114a69e8dd4e9fd94a4135acefe34.tflite,490384,converted
1c5e924cca660d3ff445a2f34da5e7d9,3704544,1c5e924cca660d3ff445a2f34da5e7d9.tflite,3838144,converted
1fe74490deafa6dc78260f94be11881d,22290314,1fe74490deafa6dc78260f94be11881d.tflite,22659176,converted
5f947e32909f65677cfeed1e5b4c861e,2780228,5f947e32909f65677cfeed1e5b4c861e.tflite,2912528,converted
8c7c4a40a9479c7f697b5bc3af501f5b,29668746,8c7c4a40a9479c7f697b5bc3af501f5b.tflite,29979136,converted
821d70ecc12e96b4d0f6513327f9d454,38969226,821d70ecc12e96b4d0f6513327f9d454.tflite,39335824,converted
9b42bbb2497a2f58dee903d289ec1d27,2810250,9b42bbb2497a2f58dee903d289ec1d27.tflite,3006568,converted
e8f745e783f883609a4aec032a322e82,2381450,e8f745e783f883609a4aec032a322e82.tflite,2614040,converted
7a72c7556c98f2eb3bef29ddc9195761,3039882,7a72c7556c98f2eb3bef29ddc9195761.tflite,3153432,converted
2b793391542d1c3feb8480612fe8f236,4269706,2b793391542d1c3feb8480612fe8f236.tflite,4500672,converted
bbafb7b224f5af0a5e6a28a0f3db97af,22290314,bbafb7b224f5af0a5e6a28a0f3db97af.tflite,22659248,converted
f0a9ffead5896eb67f55e754b787df34,1415050,f0a9ffead5896eb67f55e754b787df34.tflite,1560120,converted
0a3bcce1bdb5ad9e9809e6dae4ef451d,3479434,0a3bcce1bdb5ad9e9809e6dae4ef451d.tflite,3620728,converted
08f1aa9d78d7a077b3691e61b60cc315,7861130,08f1aa9d78d7a077b3691e61b60cc315.tflite,8342336,converted
32d94cb57e0ea110e7a28555bdcacf71,6070666,32d94cb57e0ea110e7a28555bdcacf71.tflite,6274320,converted
21441e79b8e2987920db18e3db6dbe26,6773642,21441e79b8e2987920db18e3db6dbe26.tflite,7038080,converted
886abf4ac14e23ff82b11794328a3547,22454154,886abf4ac14e23ff82b11794328a3547.tflite,22820752,converted
ced73e7c7eb9feede7cbb95e3747a3f8,2885547,ced73e7c7eb9feede7cbb95e3747a3f8.tflite,3037360,converted
71485c6997c3c684e23aae3ab1bb18a2,7125898,71485c6997c3c684e23aae3ab1bb18a2.tflite,7392176,converted
8102312b0011e58ab79d3bc6b74b6c05,4896138,8102312b0011e58ab79d3bc6b74b6c05.tflite,5204728,converted
53c2caa74426879d33f892af2b4149c3,30547850,53c2caa74426879d33f892af2b4149c3.tflite,30916712,converted
0ace73d4e8bea738c3d1acdf72de0c3a,31426954,0ace73d4e8bea738c3d1acdf72de0c3a.tflite,31854368,converted
bacbce1769dfc8fae89fc31c6f525d2b,22454154,bacbce1769dfc8fae89fc31c6f525d2b.tflite,22820680,converted
79e5e51f9c2ba884e37a1419b50108f4,1238922,79e5e51f9c2ba884e37a1419b50108f4.tflite,1381728,converted
eacca41810928075c5520412678e1d6f,4095114,eacca41810928075c5520412678e1d6f.tflite,4271536,converted
57c7dedb40b94aab13305268fd0327d7,3918986,57c7dedb40b94aab13305268fd0327d7.tflite,4095656,converted
ecc70329e3c8132ededb3e614c99459c,6246794,ecc70329e3c8132ededb3e614c99459c.tflite,6450128,converted
971ac24547267da23e12018371b49874,5807242,971ac24547267da23e12018371b49874.tflite,5981568,converted
d00cb2ba1a0856ac5d8cd5ed7ecf5d31,2118026,d00cb2ba1a0856ac5d8cd5ed7ecf5d31.tflite,2323952,converted
d0f44e2dbf36429f1fe1ce50dc8eeed4,7125898,d0f44e2dbf36429f1fe1ce50dc8eeed4.tflite,7392176,converted
1285fc826d8c65dc92f132f21565d83e,38090122,1285fc826d8c65dc92f132f21565d83e.tflite,38398168,converted
eb7e2ac6e1c5b3218d8ea1e9f8cc1b33,2294154,eb7e2ac6e1c5b3218d8ea1e9f8cc1b33.tflite,2495584,converted
bd831fe4ed1f03d55d931dea19d4a7c0,21411210,bd831fe4ed1f03d55d931dea19d4a7c0.tflite,21721744,converted
ee8de2d839492318ca5e2c8a9cdbfa4e,12110730,ee8de2d839492318ca5e2c8a9cdbfa4e.tflite,12363112,converted
e712e30e0a5c50fb6df76f10c96b8252,6510218,e712e30e0a5c50fb6df76f10c96b8252.tflite,6742808,converted
9a2b900056c9c0337a844227bd7e339b,4709258,9a2b900056c9c0337a844227bd7e339b.tflite,4973696,converted
3e6c1688fb2a00a3dc08d0ac7a6dc961,13153674,3e6c1688fb2a00a3dc08d0ac7a6dc961.tflite,13464208,converted
8b2e434cce492e217d6e82c44a6de814,1415050,8b2e434cce492e217d6e82c44a6de814.tflite,1560120,converted
016a8156059966556e79d93d1c1ace0a,2800487,016a8156059966556e79d93d1c1ace0a.tflite,2931528,converted
af5a3a68e1353171ac670fe843660132,22290314,af5a3a68e1353171ac670fe843660132.tflite,22659320,converted
6367d1292d5085b2c68ed7c27f97928a,4006282,6367d1292d5085b2c68ed7c27f97928a.tflite,4209864,converted
9e13d13f68bf5ce313b5847654d0f02b,1327754,9e13d13f68bf5ce313b5847654d0f02b.tflite,1445728,converted
b0af3f069c5cb289a89d7bccd621845e,14032778,b0af3f069c5cb289a89d7bccd621845e.tflite,14401712,converted
94bd326911f061808bc2197d97760da8,6070666,94bd326911f061808bc2197d97760da8.tflite,6274320,converted
72ca27bfb1b218686ba027508d5fee83,21575050,72ca27bfb1b218686ba027508d5fee83.tflite,21883240,converted
bc1b9abe00d344cc7b6bc5d24e176b83,2776713,bc1b9abe00d344cc7b6bc5d24e176b83.tflite,2908776,converted
eae2760c635ecba5f24e74377fa3dc07,3662956,eae2760c635ecba5f24e74377fa3dc07.tflite,3813584,converted
02c17e732f082022a8bba0a62c6519a0,13153674,02c17e732f082022a8bba0a62c6519a0.tflite,13464136,converted
cb6ef5912869f5940f7bafd89949a46e,14196618,cb6ef5912869f5940f7bafd89949a46e.tflite,14563144,converted
b8c0df1967a82ca4f0be3e88cf2efbb6,10199434,b8c0df1967a82ca4f0be3e88cf2efbb6.tflite,10400896,converted
626d264142ff0a011c9d1a5cac11b109,2271418,626d264142ff0a011c9d1a5cac11b109.tflite,2444504,converted
a293c4916be4760f28af550f784e4062,21247370,a293c4916be4760f28af550f784e4062.tflite,21558048,converted
11f2e9e8dbc0f211fde593054d04225a,31754634,11f2e9e8dbc0f211fde593054d04225a.tflite,32177368,converted
d5d6397dc8e7a07441d565662a61bef3,1069340,d5d6397dc8e7a07441d565662a61bef3.tflite,1221432,converted
aa772a6fabdf214d071700d5de36eaac,2632240,aa772a6fabdf214d071700d5de36eaac.tflite,2803656,converted
2796f1f6b3bc126233b45ddecb92ff18,1988123,2796f1f6b3bc126233b45ddecb92ff18.tflite,2141448,converted
d9461391e61ceeac5a11a12c9d9f6aac,834101,d9461391e61ceeac5a11a12c9d9f6aac.tflite,944704,converted
c4efdf77a43e8d3bd8b92e416b79109e,2782644,c4efdf77a43e8d3bd8b92e416b79109e.tflite,2913520,converted
39c4afd24c18527c27e3bd4920c0187c,3479434,39c4afd24c18527c27e3bd4920c0187c.tflite,3624504,converted
f68de672564ddefc30c9366e5aae1bfe,23333258,f68de672564ddefc30c9366e5aae1bfe.tflite,23758256,converted
df564abc783e4942e2f9492cb8173572,28789642,df564abc783e4942e2f9492cb8173572.tflite,29041624,converted
3815e523ba8e903fe12d81ee2b05a41a,3742858,3815e523ba8e903fe12d81ee2b05a41a.tflite,3917184,converted
9f1b49c2d168104d28574ec7edb58dc3,3643999,9f1b49c2d168104d28574ec7edb58dc3.tflite,3795296,converted
b6cfe6189f05c33821cb9d0df417a8fc,14032778,b6cfe6189f05c33821cb9d0df417a8fc.tflite,14401712,converted
a34528859efd28c7a2315dbd876f6678,5807242,a34528859efd28c7a2315dbd876f6678.tflite,5981568,converted
6b192a4af83fb8eef7b3f3e7d576a87c,1941898,6b192a4af83fb8eef7b3f3e7d576a87c.tflite,2143608,converted
03c0143660099a77958ebe78355f2044,3365952,03c0143660099a77958ebe78355f2044.tflite,3538472,converted
d3243ccd0b1e6299d112fa92364f0bdd,7125898,d3243ccd0b1e6299d112fa92364f0bdd.tflite,7392176,converted
