hash,params,coral_latency_ms,coral_offchip_bytes,npu_latency_ms_median,npu_latency_ms_min,npu_latency_ms_p95,npu_latency_ms_mean,npu_n_timed,status
01255ccfd5c249c23e59b1125d370908,,,,5.2927,4.8456,6.5488,5.4722,100,timed
012deff52786819c4b8ca442cc075ac9,,,,5.7114,4.6931,6.3850,5.6978,100,timed
013a977ba88a7972bed8f40b51051eb9,,,,6.0323,5.0795,6.7676,5.9992,100,timed
014722f96dcbf25ec351a10bc88871bc,,,,5.5220,4.7608,6.4163,5.5305,100,timed
016a8156059966556e79d93d1c1ace0a,,,,5.9874,5.0734,6.4402,5.9323,100,timed
016dcad6f7847b83fa79dc0231d5a6d5,,,,5.9069,4.9590,6.3096,5.7812,100,timed
01b1828b5dca8f8444035094ec798c70,,,,3.4305,3.1130,4.1455,3.5475,100,timed
01b6443af4ae121be7e33e9abd7f1daa,,,,6.2992,5.4134,7.3299,6.3400,100,timed
01e08d5b229c39f1b9d53ed89690c0fe,,,,7.1610,6.7091,8.6250,7.4174,100,timed
0201c8e043beffa4a4f4ddcb55fc0876,,,,3.8819,3.2541,4.4352,3.8563,100,timed
0213ed65ad672eea518d0a12474f2c95,,,,5.9324,5.2402,6.5614,5.8844,100,timed
0231bc51007e5e3ad54127eef319e4c0,,,,6.3782,5.5644,7.5664,6.3872,100,timed
02c17e732f082022a8bba0a62c6519a0,,,,5.6409,5.3775,6.7748,5.8833,100,timed
031c1f0c8c25ed2705bfb80539a6b602,,,,4.3092,4.2078,4.9961,4.4229,100,timed
03285238b082a745991a143294b28878,,,,5.6915,5.1182,6.5985,5.7500,100,timed
035fafd24973204e35ccb92ad464a20c,,,,2.7012,2.6101,3.1643,2.7666,100,timed
0392e8a0e2939ec313ca5c4ca0492312,,,,3.7146,3.1738,4.5279,3.7508,100,timed
03b9809587069dbdac357e57b8ff0976,,,,4.3567,4.0914,5.0981,4.4615,100,timed
03c0143660099a77958ebe78355f2044,,,,5.5950,5.3994,6.4837,5.7636,100,timed
03d84046b0ce567b2b59e85903aa2f5f,,,,3.9048,3.2491,4.9079,3.8443,100,timed
0404382a6b008f0313713a0adf913655,,,,7.9542,7.3314,9.0885,8.0229,100,timed
040f0b5b968c899f85671d96eeb43c10,,,,3.7705,3.6850,4.9681,4.0844,100,timed
043721b9c7fe8c5fad811d47d83132ec,,,,0.7959,0.7631,0.9596,0.8168,100,timed
04a50cabdbd9327c5a9cd2426e95fc9f,,,,3.2257,2.8826,4.0602,3.3271,100,timed
05437333d52f605fd717faa8bf950542,,,,5.4738,4.6398,6.1085,5.3876,100,timed
056315d7cf3e923b7c183ed40921722d,,,,5.2321,4.5641,5.6819,5.1632,100,timed
05932f264e5efffbbc8ec56d786d930f,,,,6.4529,5.4651,7.3450,6.4333,100,timed
05da7d72a9bd37624c59ecc2a3dfc38f,,,,4.9367,4.3293,5.1726,4.8050,100,timed
0613b92e3d1d46b3d29fcf00d44072c6,,,,5.1824,4.9339,6.1856,5.4418,100,timed
0648c8fbdf36f125c1f0580e5a713f5a,,,,5.0254,4.0796,5.2676,4.8406,100,timed
0654ed6d7181262f3d079ce95db83fb7,,,,4.7923,3.8685,4.9451,4.6935,100,timed
06648f11e4c7ba76457d113f0d3501e1,,,,6.3764,5.2028,6.6145,6.2707,100,timed
076175c02ee6af358f26fc51a966a1bd,,,,4.9097,3.6109,5.8268,4.8330,100,timed
0789c1b90c28464af3c753f95b28613d,,,,5.0982,4.1953,5.5624,5.0527,100,timed
083ee66bbaafd65732757ced69e68dc5,,,,4.6045,4.5185,5.1712,4.7645,100,timed
08677281806ea9c8ea2451ce3093e9c3,,,,2.2336,2.1949,2.3648,2.2573,100,timed
08f1aa9d78d7a077b3691e61b60cc315,,,,5.4153,4.7971,5.5319,5.3160,100,timed
0934382716064e95d27691330b30253c,,,,4.0724,3.9427,4.6650,4.2741,100,timed
093c374abde96ff2195a516ed51d8930,,,,3.3833,3.1808,3.9450,3.5535,100,timed
0970f440a3f00ae09ecdb6f5d27540e3,,,,4.9149,4.6904,5.4195,5.0307,100,timed
09cc2e6a3bb766ba617fa99236c5ff4f,,,,6.0510,5.3332,6.1988,5.9723,100,timed
09fc2d10bdd6225e167a6f81a22a3f06,,,,1.9877,1.9694,2.0846,1.9998,100,timed
0a3bcce1bdb5ad9e9809e6dae4ef451d,,,,3.8295,3.7312,3.8685,3.8252,100,timed
0a717117beece9157e67f6eb75517763,,,,3.8942,3.8251,3.9521,3.8944,100,timed
0a8388379b342a251a517c221111ac11,,,,4.6216,4.5586,4.7080,4.6347,100,timed
0aa38cacf8f33fe81fe44d932636e9f2,,,,4.5593,4.4801,4.6126,4.5614,100,timed
0ace73d4e8bea738c3d1acdf72de0c3a,,,,7.9927,7.8501,8.0888,7.9812,100,timed
0b08e23e6e8b9337416ee884a50d577a,,,,3.2651,3.1645,3.3064,3.2561,100,timed
0b192a7077200e1888810a75d49754f3,,,,4.2244,4.1579,4.2695,4.2267,100,timed
0b311d4cc1e30b4e6643be185f501b28,,,,4.4711,4.4117,4.5349,4.4800,100,timed
0b4c894ca3edffb49c77ea258aa3f72e,,,,4.1664,4.1101,4.2377,4.1723,100,timed
0b6b76b6f2150440bf717d660b3fd567,,,,4.2672,4.1635,4.3101,4.2667,100,timed
0bc81d0ab8d29c89e00e8795ea66bcad,,,,4.8120,4.7349,4.8619,4.8124,100,timed
0c7938a14731a85d2fd0aca298eda074,,,,5.3793,5.3052,5.4069,5.3783,100,timed
0c89700597ad3662c85d1a1457ca94c2,,,,4.2673,4.1923,4.2976,4.2560,100,timed
0cc9426bf35e6e110d77bb8fbca177ba,,,,3.9140,3.8280,4.0216,3.9132,100,timed
0cd5aff4e3f44ec7fd0cdea0b25cbcc5,,,,4.1483,4.0532,4.1789,4.1424,100,timed
0d3c0ce16a90c0d50618769f2547c8f2,,,,5.8757,5.7336,5.9286,5.8769,100,timed
0d90a5d14d815418d08a5a53d9f0bad2,,,,6.2910,5.6054,6.3601,6.1770,100,timed
0da761dba61a8ddaa4458e24c94abffc,,,,4.3885,3.7672,4.4445,4.2873,100,timed
0dee31cc5fa22a286f00a90c2dc8f8ee,,,,6.3862,5.7140,6.5061,6.3060,100,timed
0e1593a94de5bc5e0ebff96ebe4e7304,,,,6.2508,5.6008,6.3307,6.1692,100,timed
0e29b0f85d696cc300af5b65c7ea264d,,,,7.5026,6.8049,7.5754,7.4152,100,timed
0e31775732548b0c90d80a6bd2f9154d,,,,4.7046,4.1404,4.8277,4.6371,100,timed
0e46dc003e269edef361afacbb1dfec7,,,,5.9214,5.4556,6.0325,5.8832,100,timed
0ea046bd83ad24242aa4e1ed1090a073,,,,6.0710,5.4886,6.1732,6.0058,100,timed
0ed8f83666e1fb7f79ca02bdde890d2d,,,,3.4717,3.1158,4.2049,3.5804,100,timed
0ee493fe7bb618a0ae642840558f62a0,,,,2.7698,2.6589,3.6396,2.9716,100,timed
110619da4fafebfc831b21d26343a230,,,,4.7938,4.1688,5.2043,4.6576,100,timed
115c3dfab6fd1231dd465ca5a0d5b507,,,,2.3271,2.2954,2.3782,2.3329,100,timed
11ce5773627a6bc429030308a0a119ff,,,,3.5839,3.0789,3.7218,3.4456,100,timed
11f2e9e8dbc0f211fde593054d04225a,,,,7.4846,7.0060,7.5700,7.4245,100,timed
126ea449e5bc5ea4428d138c5c5ff41d,,,,6.2214,5.6823,6.4523,6.2084,100,timed
1285fc826d8c65dc92f132f21565d83e,,,,8.0236,7.4045,8.0994,7.9756,100,timed
12f87ffb6565d759e00d7536ae4b5200,,,,4.9971,4.4823,5.1149,4.9476,100,timed
1301d79cd7922fa516eea152b69b1aca,,,,5.9757,5.3594,6.0590,5.8884,100,timed
139eaf391eac2a81db1f8c2c773217bf,,,,5.5065,5.4537,6.1257,5.6384,100,timed
13e677d747f01fcad4c15aa4b6d86c96,,,,5.6355,5.1166,5.7488,5.5797,100,timed
1484414f42c86d8c9715aea5385d6725,,,,5.7024,5.1754,5.8236,5.6481,100,timed
1499a73e3b84789ad556ca8303455065,,,,6.8035,6.2427,6.8772,6.7395,100,timed
15392df31d78737912a7fb12485d4cd6,,,,3.0189,2.9157,3.6233,3.2193,100,timed
1583dcc40be576ec7008f126e6e81512,,,,5.4307,4.8848,5.5422,5.3659,100,timed
1596fd1ef512a1f2e0d53a5f56881d8c,,,,4.8358,4.2159,4.8966,4.7402,100,timed
15ab0e32f80a8c849f3059558d6870ef,,,,6.6794,6.0640,6.7647,6.6221,100,timed
15cb16810ae9474dee310a1eb9328967,,,,5.9666,5.4104,6.1052,5.7923,100,timed
16145ce8a1a7ec9c0cc956d794267763,,,,5.6014,4.9938,5.6926,5.5174,100,timed
16225523801005dd8ea21f1ef27c0310,,,,7.0398,6.4484,7.1609,6.9361,100,timed
167e7c85c4a65b87b0fd985096f55495,,,,7.3270,6.9104,7.4300,7.3025,100,timed
168e95938db8e7c52112e58c0f292079,,,,2.1373,2.1044,2.1790,2.1384,100,timed
16a0f01729c0044e29933500d3355681,,,,3.5161,3.4294,4.0598,3.6934,100,timed
17231e3e4bdb695ba7f4938fe4bb313f,,,,4.2841,3.6913,4.4341,4.1384,100,timed
173b06d79e4c725a3c7bb7d2d1a05177,,,,6.2672,5.6457,6.3498,6.2042,100,timed
174c06f72389faa51a6b8153b87fd380,,,,5.8127,5.1628,5.9015,5.7220,100,timed
178a4448e12d9f02821df3b4993a5897,,,,6.5208,5.8706,6.6004,6.4161,100,timed
17fd2abaf102f70113324aa2e536f8c4,,,,5.3609,4.6907,5.4788,5.2239,100,timed
1861cea8716fd7bebbd36446e7c95ea5,,,,4.9638,4.4311,5.0351,4.9378,100,timed
1864812c899522d96a54dec5a4625e45,,,,4.2953,3.7382,4.6003,4.2726,100,timed
18717f525fd1554aea7a0ec9907b633a,,,,5.4499,4.9221,5.7143,5.4310,100,timed
188ca2126f2621e2f367864d15117356,,,,4.7233,4.1823,4.8336,4.6704,100,timed
18e7e3d39b5b57052ca70818bd8382e4,,,,4.5093,3.8299,4.5708,4.4378,100,timed
18f0bea6e38607c88b03a8b2ba7bcc8e,,,,3.1383,3.0532,3.7607,3.2025,100,timed
19a7627b5a32093b415f7837ab27e5cd,,,,5.6865,5.0405,5.7911,5.5630,100,timed
1a23d766bc88a66c08a77daa62511899,,,,4.7278,4.1072,4.9064,4.6548,100,timed
1a2c54fe9e8c032f910a50333346e317,,,,4.9478,4.2041,5.3320,4.8974,100,timed
1ae5551b973f460743db65219af7898c,,,,4.2433,4.1059,4.8438,4.4300,100,timed
1afab1094896c3d6eee4534861682aea,,,,6.1388,5.4547,6.2568,6.0769,100,timed
1afd00395ec69ed9f63948e25b6b3fe9,,,,3.9756,3.3358,4.0914,3.8910,100,timed
1b52eedea10c86e566841c87ddfe4125,,,,5.3506,5.0206,5.7563,5.4008,100,timed
1b907c229ed015b3f2ef1a17ed706709,,,,4.8982,4.4044,4.9761,4.8694,100,timed
1c14688f9132dec0c53d90f9480c8527,,,,6.0420,5.4511,6.1420,5.9807,100,timed
1c5e924cca660d3ff445a2f34da5e7d9,,,,6.2959,5.5939,6.4180,6.2163,100,timed
1ca7a0759b04e3e871b9391849ff5914,,,,2.3893,2.3410,2.4537,2.3939,100,timed
1d32ff28746ec3f856ff5b2103ff8c87,,,,5.4129,4.8546,5.4945,5.3643,100,timed
1d51417872db404b98002772ce6918ef,,,,5.6953,5.1013,5.7919,5.5983,100,timed
1dc1e82eea097075a9e046d10b419a42,,,,6.5292,5.9665,6.7689,6.4906,100,timed
1dc4b0379b65b432b148aeed88fc6504,,,,5.9533,5.2781,6.0433,5.8924,100,timed
1e174f53f1f1ab7f67f3117c88f06469,,,,8.0417,7.2858,8.1975,8.0142,100,timed
1e3dad61a43e8ea069745069f68062e3,,,,4.1267,3.5593,4.2363,4.0802,100,timed
1e7a78da6c7fdcd80c785c167a962a25,,,,4.8651,4.3457,4.9562,4.8155,100,timed
1eac8b63b3ed0ebddd37682e7d2b30d4,,,,4.6813,4.1202,4.7760,4.6359,100,timed
1ec8f6c2cee11678ee2390c9a260756d,,,,4.5166,3.9200,4.6039,4.4201,100,timed
1ecb5011982f7afbbe77f62781d9890a,,,,7.6020,6.9777,7.6977,7.5440,100,timed
1eedce0cf2d0b9e046f262a7348bd5a4,,,,4.4338,3.8838,4.5111,4.3788,100,timed
1eeeb1ba375ad89b28edc6e8b86d2b95,,,,4.0577,3.9939,4.6442,4.2604,100,timed
1f5dd39f87696e1919815c0f2bfe69fc,,,,5.1088,4.5633,5.2664,5.0788,100,timed
1f7d9e17259b6fbd22a3f062aee0707f,,,,6.9020,6.2690,6.9741,6.8272,100,timed
1f941406ab56a639aa09655485551228,,,,5.5328,4.7670,5.9334,5.5095,100,timed
1fe74490deafa6dc78260f94be11881d,,,,7.3112,6.6266,7.4612,7.2637,100,timed
20259ceb22b0ddbdc2fa770958593602,,,,5.9969,5.4300,6.0614,5.9331,100,timed
20eb3079cc47b71a42078650fef10acb,,,,5.4191,4.9050,5.5569,5.3892,100,timed
2105e2560b24d9f593f378f60564da62,,,,5.5862,4.9506,5.7829,5.5404,100,timed
21441e79b8e2987920db18e3db6dbe26,,,,5.2961,4.8188,5.4861,5.2863,100,timed
2149da2d47575fcb253d4999f2b5e97c,,,,7.1685,6.6507,7.4515,7.1582,100,timed
216b95c163d04dd694c711adfcb33a2f,,,,4.0945,3.5265,4.3818,4.0184,100,timed
21ba5b8c49bac5132d4b27d0a52309e9,,,,4.7238,4.1319,4.8052,4.6466,100,timed
21fc7949ccbefbbaaa879490155fce24,,,,4.9971,4.4789,5.0675,4.9255,100,timed
2287179716f9f737509e545a72935d73,,,,5.9835,5.3762,6.1131,5.9448,100,timed
229ad37fca0db5be24bfcce9cb434885,,,,3.8954,3.2761,3.9698,3.8389,100,timed
23210bc67e4905db94d53ca2faa94683,,,,5.5567,5.0362,5.6932,5.5062,100,timed
232b900e952d86a83b0ff85c0a22cca0,,,,3.9024,3.2613,3.9952,3.7711,100,timed
2353fb48bc457d282a97ca0952fe81cc,,,,7.2846,6.5409,7.4028,7.2149,100,timed
23c627ab1005986bc302013e636f74b7,,,,5.4135,4.8795,5.4988,5.3849,100,timed
23d302b91df3ec80c544842601aa257e,,,,4.0532,3.4322,4.5046,4.0640,100,timed
23f8555ecc00f016e990ecc73ea974b7,,,,5.4056,5.2427,5.9153,5.5634,100,timed
243037e12607b17d7f6704fcee4054af,,,,2.4746,2.4259,2.6645,2.5014,100,timed
246b7cbd9e3cf0a489eaf9c4a1da7259,,,,6.3792,5.8446,6.4595,6.3338,100,timed
24a787a1d9370b2a4774f02d5ec9c4d3,,,,4.2358,3.7157,4.3719,4.1941,100,timed
24c4c721360d64daac9dd571817d6f6b,,,,4.7350,4.2080,4.8533,4.7188,100,timed
25096dc2986f9bd17a2d1ec37f88cfdf,,,,6.3672,5.8067,6.4536,6.3166,100,timed
250c5f63f0a4a985e704c8b6b34fd6ef,,,,5.6695,5.1525,5.8522,5.6498,100,timed
254b3c11e4f6b7efff630810abcfb911,,,,5.1971,4.3083,5.5700,5.1285,100,timed
2570684e6c93beef23eba988fc127e25,,,,5.0465,4.4043,5.1704,4.9235,100,timed
257bbcabebeac5cf4a05d90f7c40e153,,,,4.5018,3.9842,4.7170,4.4770,100,timed
25a0e9ef34153e7ebbc2859b240a8aa4,,,,5.9255,5.3801,6.1545,5.8922,100,timed
25b8b63322b04bdb25b851c263b2dc42,,,,4.7009,4.2074,4.7780,4.6575,100,timed
25f9518d1d78d0afa6973598504514c1,,,,3.3807,3.0157,3.6773,3.3787,100,timed
2606681fe3610e3e4daf4995c9080417,,,,5.5428,5.1165,5.6558,5.4789,100,timed
2626b5c0d77a00273062ab96adf47b64,,,,4.3226,3.7689,4.4088,4.2361,100,timed
26ba0d72dc61765a22e3a27a93a358a2,,,,5.1332,4.6931,5.3374,5.1163,100,timed
273858a4ae59fff330b62302797c3060,,,,3.7387,3.1579,3.8504,3.6013,100,timed
276d9b262722e4cb6391dc9fed698aa7,,,,7.0413,6.4261,7.1420,6.9862,100,timed
2777d15efdb2babf660108adf41b5c58,,,,5.9196,5.2501,6.0000,5.8541,100,timed
27869617a9bfc0da5f109c84c4a939c7,,,,6.9201,6.4714,6.9823,6.8725,100,timed
278a65c91e279624407615a84f3282c4,,,,1.7484,1.7271,1.7802,1.7526,100,timed
2796f1f6b3bc126233b45ddecb92ff18,,,,6.2680,5.5954,6.4129,6.1897,100,timed
27dc55892a49a9dd4fc9732c25d8fbcc,,,,5.3260,4.7350,5.4640,5.2635,100,timed
28087cc5e605205e2d53e79eb4b22942,,,,5.0575,4.7487,5.4827,5.1209,100,timed
281a90bd259878c4e3a6812d68e0bc4b,,,,4.3717,3.7956,4.5759,4.2877,100,timed
2828eef801200e5557e3024786e8ec74,,,,5.3937,4.9431,5.5332,5.3738,100,timed
287b525d274fd684528ed557aa9e6b11,,,,4.5458,3.9842,4.6738,4.5146,100,timed
28986004b1d5902d97878e6a72802dc9,,,,4.6063,4.3682,5.0012,5.2607,100,timed
2a0e13ead6ab55828814b273435fc75e,,,,7.4208,7.2585,8.7237,7.7028,100,timed
2a3d57754e3da2cec361d4b21d05c911,,,,4.2461,4.1318,5.3875,4.4507,100,timed
2a5ecf52cbbc72f82e9d3f85f3899354,,,,5.5688,4.9502,6.5286,5.5617,100,timed
2a922a7a0697d6ce64e8d578155b0c0d,,,,5.8334,5.0120,6.5458,5.7818,100,timed
2a9de05ff1fb55ac3c8e8700b6945372,,,,6.4912,5.7006,7.6883,6.5872,100,timed
2ac790ea15872d689a7c1dde78d435fd,,,,4.9252,4.2587,5.6270,4.9536,100,timed
2af739975919c70aeb3220cf342a675e,,,,3.1008,2.9953,4.0329,3.2751,100,timed
2b1027320feb50ac8ec9666faecc71d5,,,,6.3414,5.5893,7.2148,6.3816,100,timed
2b793391542d1c3feb8480612fe8f236,,,,4.1316,3.8055,4.8742,4.2380,100,timed
2b92baf1c73cd1db1bc4ef791da1bfa5,,,,5.1265,5.0304,6.2894,5.3395,100,timed
2bbd45993be265cb509161b6d75c8d92,,,,6.0113,5.8434,6.7200,6.0913,100,timed
2bf548699570ea68a4cd1b967cd088d5,,,,4.8457,4.6898,5.5401,4.9487,100,timed
2c6d2b337e4e88e1b95b956eeb25a765,,,,4.6667,4.5384,4.9351,4.6935,100,timed
2c751a7023a29f5c4e0b9d47e3db010d,,,,3.9171,3.8128,4.3091,3.9572,100,timed
2c8251c708c98122e003a8b7e6e1b7cc,,,,3.9614,3.8376,4.5148,4.0215,100,timed
2ce34fada9900cdbd52a7d113f4b7055,,,,4.8418,4.7190,5.6853,4.9709,100,timed
2d28553a81331f53056dd92d99c4f169,,,,4.4758,4.3434,5.0514,4.5606,100,timed
2d5413cb4137167fcd3dbfc48f88367f,,,,4.7340,4.6180,5.5275,4.8532,100,timed
2d91b76965365cc40770e11ff78762cb,,,,6.3082,6.1726,7.4688,6.4996,100,timed
2e3850a1615f1146eb28fc4849aec8ee,,,,4.3408,4.2372,4.9508,4.4158,100,timed
2e4bceda92325ada53fd79c859247925,,,,2.7051,2.6311,2.9871,2.7451,100,timed
2e7117d2db43f73aa5f0c11b31d551ca,,,,4.4438,4.3170,5.0274,4.5034,100,timed
2ea7c78ede3d80e4b444cefca490d9d3,,,,5.6710,5.4749,6.5588,5.8085,100,timed
2ebda12d9d5ec14d5f1aaca1f53ef203,,,,3.0362,2.9635,3.4564,3.0893,100,timed
2ee627980d8e573758a45c6b555c2853,,,,4.9431,4.7939,5.6505,5.0202,100,timed
2f04860e35acafe5d543b959bebdf83a,,,,3.9713,3.8250,4.1905,3.9969,100,timed
2f0e3ffd9e4576589b4a0a21bf2bf01d,,,,2.3589,2.2956,2.6564,2.4024,100,timed
2f15ccd4bd9b45cb3ad9ecee049305d4,,,,4.4085,4.3137,5.0438,4.4836,100,timed
2f416b94decca6f4924fa1c57ac92695,,,,2.8422,2.7269,3.0751,2.8708,100,timed
2f46c9d2f1cff176f34a2295c49822bc,,,,1.9611,1.8954,2.2280,1.9976,100,timed
30076d2dd87fd2d84f81d0e03f377c05,,,,3.7666,3.6782,4.2968,3.8314,100,timed
313736e5b054727569cd58208e87ba83,,,,5.5849,5.4441,6.5543,5.7204,100,timed
316e8d8502dc03f3796a24a53138df45,,,,4.6527,4.5211,5.0519,4.7093,100,timed
316eef4bcc20e9a3f7ca6f32b4600e58,,,,4.8734,4.7599,5.4405,4.9533,100,timed
3188d3640055b5804e05ae706718379f,,,,4.1920,4.0494,4.6474,4.2532,100,timed
31d1039b23e8e5454fcc96406b9c94e5,,,,2.4695,2.3827,2.7971,2.5190,100,timed
31ea6f9a914eea7927d80d4574acdf7a,,,,4.8066,4.6746,5.7569,4.9777,100,timed
32195ce3cf7d3a6fbae3ad82cffb5bc3,,,,4.6667,4.5006,5.4646,4.7751,100,timed
3283061ebb976602b31602ffe86eef8b,,,,3.1695,3.0837,3.5803,3.2366,100,timed
32901a6e3614f2ee9c380c73c1866fef,,,,5.6801,5.5299,6.2010,5.7350,100,timed
32b26a4044bf082b0ad80f5dad618d76,,,,3.1321,3.0644,3.7307,3.1862,100,timed
32c96c20bcb45d11e569ec63a3aafb3d,,,,3.0426,2.9591,3.5000,3.1200,100,timed
32d110bdebe97a3ff14e41a19bc5c49b,,,,5.0874,4.9563,6.1037,5.2279,100,timed
32d94cb57e0ea110e7a28555bdcacf71,,,,4.3790,4.2427,4.8588,4.4288,100,timed
33704b07a5a9057ba5b18f1cc2709d14,,,,4.3558,4.2716,4.7698,4.4472,100,timed
33c3a6e65de0802b77577b5416b38e14,,,,4.7531,4.5859,5.4731,4.8999,100,timed
33de711d058769a9bc82740ea963bfe7,,,,5.8195,5.6117,6.7350,6.0160,100,timed
33e306159a60bba2d574ffc5f4ed7f14,,,,3.8863,3.7682,5.0337,4.1176,100,timed
3407944b22d4b1d0cccbd8e070424ce4,,,,1.9701,1.8981,2.2443,2.0066,100,timed
348b466a1cc13ad6e0e173b8a1820952,,,,6.0230,5.9020,7.2165,6.2041,100,timed
355f27a4725363f68c8f1a88fc0f8baf,,,,5.6614,5.0860,5.9353,5.4988,100,timed
35a1b276de7c14a843ca0fa06cb1366b,,,,4.4879,3.9865,4.5940,4.4668,100,timed
37b9119d970b5fed20e62a2cda96a096,,,,6.5052,5.8910,6.6327,6.4290,100,timed
3815e523ba8e903fe12d81ee2b05a41a,,,,4.7004,4.2456,4.8821,4.6685,100,timed
3835552b2806f980e414bef37786ea06,,,,2.7505,2.6780,2.7679,2.7477,100,timed
38da11ee56783f9cff5ecdfa0607cbad,,,,4.2063,3.6395,4.2983,4.0985,100,timed
39c4afd24c18527c27e3bd4920c0187c,,,,4.7855,4.2308,5.0455,4.7598,100,timed
3a16795828f528947e1a784bab36b74c,,,,3.8308,3.1759,3.9005,3.7350,100,timed
3a84e0ad7980f716eeacf15919b262be,,,,5.0374,4.5478,5.0907,4.9855,100,timed
3b8de24e123911da1bdbd359ebca2030,,,,5.5874,5.0464,5.8312,5.4618,100,timed
3bb5cbe9ee50ea47f1b9d9ef8c375db9,,,,6.0994,5.4600,6.2040,6.0309,100,timed
3bf3515c1fe4fc15a90822afb65853f5,,,,4.5213,3.9597,4.5914,4.4645,100,timed
3bfbab79666f791d23507ee92932400f,,,,4.4958,3.9052,4.5765,4.3112,100,timed
3c2c0a28728a8b319c56a49cc6e7be5b,,,,5.0099,4.4118,5.1557,4.8679,100,timed
3c4e6cc9b3878772e7890b13b2c3e747,,,,3.8792,3.7973,4.5770,4.0501,100,timed
3c61acace9ccb5c8d09d3993a4535e1a,,,,4.9106,4.5166,5.1724,4.8562,100,timed
3cbfa9553b6dc916464f5015bf8b3ca0,,,,4.7560,4.5808,5.3703,4.8826,100,timed
3d1d7f2bdc5edf724b40a350b2812bd8,,,,5.9432,5.3112,6.0172,5.8779,100,timed
3d2007d30a4f4e8292f10aef473b932c,,,,4.5262,3.9632,4.6997,4.4683,100,timed
3d56eb4a9e0b99ca34a1aa7813c36aad,,,,5.1174,4.7608,5.3777,5.0729,100,timed
3d5ab02fa567075caaba24957442fc46,,,,5.5149,4.8989,5.5773,5.3925,100,timed
3da7fc84de81ce81a990dc70de00cdad,,,,4.7852,4.5277,5.3623,5.0825,100,timed
3db7e20184e417b4eb1718c5846356a6,,,,2.4514,2.4031,2.5003,2.4529,100,timed
3dfde7715e83171f316625f00772ea23,,,,4.0441,3.9954,4.1085,4.0501,100,timed
3e6c1688fb2a00a3dc08d0ac7a6dc961,,,,6.0737,5.5279,6.2222,6.0247,100,timed
3e8667d46a04ea4dc10417bab3bf1a7a,,,,5.9662,5.2849,6.0496,5.9144,100,timed
3eb1860d00ce75987821bd9488f62779,,,,6.1038,5.5587,6.3019,6.0133,100,timed
3ef49efe0e4a2a933c3ea7e495840b20,,,,4.0371,3.4207,4.1151,3.9057,100,timed
3efc34735e14b14fe5d6fb52c9578b76,,,,4.1580,3.7521,4.4995,4.1210,100,timed
3f12fe5fc66531a4617e1286321e2da8,,,,4.4824,3.9247,4.5672,4.3199,100,timed
3f8f4dab056c62a53293c2db104f73e8,,,,5.8766,5.3897,5.9865,5.8518,100,timed
3fe26428539ebec46fefa9988bc37a1e,,,,3.8509,3.6778,4.3658,4.0264,100,timed
3fed381ef6b74478bf55bbd53294ff73,,,,6.7810,6.2057,6.8637,6.7152,100,timed
40c30309ae39ffbe1f8abf6756e287f7,,,,5.1754,4.5590,5.4632,5.1690,100,timed
41175f66e2794653da6a4d874950ac0d,,,,4.9187,4.4192,4.9795,4.8802,100,timed
41d209a4137cdf29810fb5394ee2a325,,,,5.1960,4.5982,5.3817,5.1368,100,timed
422c2aa08f255776b5b5c9bcc1ac0670,,,,5.3447,4.7517,5.4450,5.3072,100,timed
4245cf188529ab9dfb9f6ed42cf166fd,,,,4.6932,4.6030,5.2734,4.7350,100,timed
4331dcea84aac5eee8903a76697406c3,,,,3.6659,3.0885,3.8553,3.5486,100,timed
434730abe97b96cec671a5ca2f9be8d7,,,,6.4722,5.8010,6.6214,6.3861,100,timed
43fc3bf243c6371bfcc4e94173803ba0,,,,2.3012,2.1888,2.5002,2.3353,100,timed
440eb0e6a2a15d43b7de88aa18e60432,,,,5.5263,5.3844,6.1519,5.7201,100,timed
44bad87ab79a3a52454df027b78239d6,,,,5.5062,4.8876,5.6333,5.3845,100,timed
44c687c7c21a75a7cfa0bceebafe1853,,,,5.1086,4.5242,5.3092,5.0416,100,timed
451cb41d3d50e2e07e18f4ff81009276,,,,4.9987,4.4413,5.0588,4.9050,100,timed
4531192adce55781b30058b1472f145c,,,,4.7488,4.2036,4.9319,4.6810,100,timed
4539a8d847669b9fe87e6dfea93fd83c,,,,4.2625,3.7043,4.3988,4.1531,100,timed
470e00408601e3cc9760a6f80b47fbfa,,,,5.6073,4.9496,5.7318,5.5034,100,timed
471546730eff6ba24d163061e4029d13,,,,2.4923,2.4074,2.5595,2.4994,100,timed
4715b7a3caf0b875712a6881af9cbc44,,,,6.4408,5.7670,6.5373,6.3385,100,timed
47bb419c2869c624c3d65fd16d87e5be,,,,2.5308,2.4604,2.6796,2.5525,100,timed
47be656fde01f5f12561adb8ffed2abf,,,,4.3914,3.8044,4.4741,4.3032,100,timed
47fb5adadfc9f8a75e3de789f7591943,,,,2.4802,2.4387,2.5232,2.4864,100,timed
485943408e2aa972c421eee9a185d7fa,,,,2.3278,2.2943,2.4006,2.3398,100,timed
488f9cf59231ef9cfe99a8a167ebab52,,,,8.4514,8.0192,8.6240,8.4040,100,timed
48dd2a7fd5946b035b67d230341f3116,,,,4.6658,4.0925,4.7822,4.5290,100,timed
48e107ec5174c8c8d943f9e2f43164b1,,,,6.1010,5.4658,6.3378,6.0283,100,timed
48ee5a1f9886effef4616eb2e3e573cd,,,,8.0631,7.3604,8.1555,8.0311,100,timed
499a1e154e7a374f942c6b492a5e57ea,,,,4.1852,3.5974,4.3749,4.0013,100,timed
49a9d8dfd3aec23d3272a62ec606532b,,,,5.1238,4.4856,5.2080,5.0077,100,timed
49c8ac2ed4a5e22d332c0e01bc348826,,,,6.0375,5.3556,6.1970,5.8551,100,timed
49e68103df3021497b81b9a09cdba13e,,,,5.8616,5.2862,5.9751,5.7817,100,timed
4ab922c1cec7a01d4d87a674e10c731c,,,,5.5482,4.9651,5.6310,5.4530,100,timed
4b2cfa4209f065e2da6757ce46c0b8e5,,,,3.2687,3.2258,3.8861,3.3791,100,timed
4b7e61372913b6f62f3d30bf58b730b2,,,,4.9620,4.2782,5.3275,4.9359,100,timed
4bdd9640c37f761d912bd5275b0f71df,,,,4.7065,4.1425,4.9590,4.6094,100,timed
4c2e6efcd3e63a170f3e3f358d9fea84,,,,5.3259,4.7178,5.3890,5.2525,100,timed
4c5eaba938e815cbd108047cd8607dea,,,,4.6555,4.0860,4.7519,4.5289,100,timed
4c96c71603c5fff4da5c01a29484d3be,,,,3.4980,3.3948,3.5282,3.4894,100,timed
4cff275248015389b0a83c646c4599cf,,,,3.4195,3.3217,3.9829,3.4998,100,timed
4d123b5ce85ac27b72d93983dacbbfd7,,,,4.7458,4.1938,4.9010,4.6653,100,timed
4d31877fefc56fa91d38adfb5bd451ae,,,,4.6772,4.1142,4.7535,4.5682,100,timed
4dcf4a63d8bae4c0f299cad53b7129a1,,,,3.7554,3.6858,4.3856,3.8958,100,timed
4df77cc17c3da268de7f2566927bcf22,,,,5.9654,5.2722,6.0419,5.8767,100,timed
4e1268021f7b3b4b8c5d2a78d7fd158a,,,,5.6510,5.0095,6.0175,5.6455,100,timed
4e67963454ee05f080ee6e8d44c018df,,,,3.0956,3.0563,3.6767,3.2006,100,timed
4e6cf515798f35616a83b2c39d10d251,,,,6.2008,5.5546,6.2858,6.0746,100,timed
4e9072c02fe6511295d0dbe82c74e989,,,,4.1942,3.5904,4.5476,4.1474,100,timed
4eb779285481e2feb4ab6f42f3d72f66,,,,5.9613,5.3309,6.1826,5.9096,100,timed
4f7d4443b757430e60f9292b63df6e5d,,,,4.6799,4.1040,4.9335,4.5809,100,timed
4f95133d98f72f4dc5e6e2b7b702df89,,,,6.5998,5.8662,6.7781,6.5300,100,timed
4f990320c51592a8f706c332104cdf90,,,,4.5196,3.9489,4.6233,4.4692,100,timed
4fc3d6e5c1f40c7a79e1a79a7b780711,,,,6.1139,5.5260,6.3735,6.0914,100,timed
500b6b24be5e01566f7a24a1b3ddbf99,,,,4.3460,3.7258,4.5014,4.2870,100,timed
5013d4898aaba30673c3858589091b4f,,,,3.3994,3.2008,4.0077,3.4935,100,timed
505d88dc866b52e996d5300ed816617a,,,,5.0713,4.4752,5.3055,4.9810,100,timed
507470799f20b52f2c7a78723798b295,,,,5.4827,4.8880,5.6908,5.4470,100,timed
50828655ed13926493ba6a7b7f2b881b,,,,5.3683,4.8253,5.4774,5.3325,100,timed
50b4318c3a5eb399616907d00178e258,,,,4.4592,3.8562,4.6179,4.4087,100,timed
50f547237914d4118edd8914803ddbdc,,,,5.1704,4.7206,5.2320,5.1156,100,timed
511350affb749c780443198c522714ce,,,,5.3591,4.7887,5.4441,5.3203,100,timed
512cd9a356825574885d92ab58846b0a,,,,4.7728,4.2362,4.8548,4.7254,100,timed
51832d14df0d1d5b0ef56dceeb63cae5,,,,6.8064,6.1354,6.8932,6.7676,100,timed
51b5087165761c8bfe1dabd2d96c8e99,,,,4.4542,3.9248,4.5294,4.4076,100,timed
51b99f4f4cc6fcf0efc37add54f2f0e8,,,,5.1295,4.7617,5.4515,5.1409,100,timed
51ce526bef6a9a315c57ba584090b5d5,,,,5.3861,4.9143,5.4515,5.3533,100,timed
5298f5d306fd2e28bdf51009b4366933,,,,3.2329,2.6840,3.3123,3.0565,100,timed
529d37700ebe8ec1fc1bf204acaf424f,,,,4.8658,4.3298,4.9433,4.8257,100,timed
534f2002efc14247307c7dcc2ca55b32,,,,4.3484,3.7724,4.5037,4.2771,100,timed
53c2caa74426879d33f892af2b4149c3,,,,8.1540,7.6215,8.2737,8.1174,100,timed
53cee42601ad14d661bb6878031d6acb,,,,1.4265,1.4007,1.5528,1.4421,100,timed
53f7747ecbe727ed4076735b503cb096,,,,5.5115,4.9116,5.7608,5.4659,100,timed
541fbc2bb9feabe7a972db79effde24c,,,,7.7616,7.2711,7.9763,7.7328,100,timed
5498ba534c256c9d086596e2b51cf170,,,,2.7465,2.6948,3.3033,2.8948,100,timed
54a607b5218c9982eb559f253f6978fb,,,,5.3484,4.7245,5.4109,5.2835,100,timed
54cbad9f4badfda552f47b5c8aad5137,,,,4.3257,3.8180,4.4039,4.2747,100,timed
5560a0022cd242a55df856129ca05f31,,,,5.4185,4.9192,5.5350,5.3820,100,timed
5571641268b26e2ff4f407605937d677,,,,7.3112,6.8606,7.4140,7.4674,100,timed
559021065a4066ca9f7a7137f3aa017d,,,,5.3255,4.8517,5.3954,5.4735,100,timed
56843fa944df2c025589ae799312fe60,,,,4.3214,3.7749,4.4448,4.2788,100,timed
568446f229ee474d96cb431de0fe1095,,,,4.2700,3.8848,4.3588,4.2367,100,timed
56b35f46f583628838463ac1439bcd7e,,,,4.6753,4.0921,4.8290,4.6202,100,timed
56d2a3860a876620dc350349b3bc369a,,,,6.0521,5.5621,6.1312,6.0165,100,timed
57468b7c4dd6508014213945941ccac7,,,,5.1034,4.8039,5.5266,5.1784,100,timed
57c7dedb40b94aab13305268fd0327d7,,,,5.1574,4.6776,5.2345,5.1201,100,timed
58c8f040b84f617501dea6f4ab582479,,,,5.1186,4.5755,5.1995,5.0672,100,timed
59c079a6b83ce37e682105a135eca195,,,,4.9241,4.3404,4.9941,4.7424,100,timed
59d9ed3046cd87a504fcb05d916f6af8,,,,7.4743,6.8042,7.5327,7.4074,100,timed
5c5e966af0655bb6e4798ffebaa6e9d3,,,,5.9794,5.4237,6.0603,5.9272,100,timed
5c634822c6a87824df00040e36f54d1e,,,,4.3026,3.8258,4.4173,4.2496,100,timed
5d4190fd89bb23037c68bfde193c77bf,,,,5.3291,4.7273,5.4112,5.1580,100,timed
5d7ea49c05cb125979613e066e3dbe9c,,,,4.1115,3.5175,4.1790,3.9535,100,timed
5dca441cabeb96bd96af5c8dc540e3b1,,,,5.9875,5.4457,6.0647,5.9476,100,timed
5df59f7f6a28ec02e4cd0bb73cc5729c,,,,6.3538,5.7069,6.4171,6.2852,100,timed
5e11a5dd66f2fe5785675625e3df818a,,,,5.9911,5.3718,6.1062,5.9650,100,timed
5e464b4fec4ea5de037a5430b21532dd,,,,5.1890,4.5589,5.2544,5.1008,100,timed
5e95e5c6fd2546091f15faf89354d6c4,,,,4.5026,3.9540,4.6178,4.4768,100,timed
5ecdf1aa778267ee20e1467d932faa71,,,,5.0167,4.4921,5.0723,4.9353,100,timed
5f14db94a47a90dd37d9f6793bdf2dc3,,,,8.3898,7.6790,8.5407,8.2856,100,timed
5f628d0626df3c905f6aa68ee314c98a,,,,5.9184,5.2898,6.0821,5.8543,100,timed
5f6cf7842957b50ed1ec456ec450592a,,,,6.0650,5.6795,6.1485,6.0394,100,timed
5f947e32909f65677cfeed1e5b4c861e,,,,6.0885,5.5736,6.3563,6.0730,100,timed
6047adcded92b5d8126a9cc34054624b,,,,4.4708,3.8517,4.5681,4.4326,100,timed
6064491c87b641562dd0291d38f6f1b3,,,,5.2761,4.6542,5.3551,5.2440,100,timed
606f15037b5bd4d79ace4200792b95cf,,,,4.8868,4.2963,5.0101,4.8420,100,timed
6121a9c53be4670899be1b8e2d6917f3,,,,3.3304,3.2615,3.9443,3.5221,100,timed
612d407648614f6d21d541c24f856df6,,,,5.3669,4.7866,5.4399,5.2893,100,timed
61ef98af9a58bd3bda7abab8e83cb7be,,,,5.1713,4.6258,5.2548,5.1255,100,timed
6236f0cf8574d9b0a3866e636b9f1915,,,,5.8143,5.2352,6.1658,5.8172,100,timed
626d264142ff0a011c9d1a5cac11b109,,,,5.3256,5.1989,6.0045,5.5478,100,timed
628526cec91609b8097d3013ceb767c7,,,,5.1080,4.5416,5.1965,4.9404,100,timed
6367d1292d5085b2c68ed7c27f97928a,,,,4.3453,4.0786,4.7327,4.4139,100,timed
6426e2a1f853bb8ade10ee7588a54730,,,,4.7072,4.2200,4.7804,4.6696,100,timed
6463dec236838bad09900bdd64ef2f33,,,,5.5720,5.0253,5.6692,5.4098,100,timed
64a3f8ba8735c09f8ed1d8767e53b281,,,,7.4295,6.8362,7.4954,7.3597,100,timed
64e617b3d07537e40a3af1e46f04149c,,,,4.6744,4.0866,4.8046,4.5937,100,timed
64f65883b65c291d04968606b20d998f,,,,6.4603,5.9197,6.6829,6.3205,100,timed
654692dd64411ca0a2cc2ee12897f201,,,,2.7093,2.6513,2.7586,2.7163,100,timed
65933d33a02a18bb48533c4c1046530e,,,,4.5501,3.9574,4.7330,4.4900,100,timed
662d9184fd7655dd178bf295c956ee95,,,,6.7992,6.3442,6.8656,6.7484,100,timed
66344e4ea26195131f153b084f6e0bf2,,,,3.6259,3.1139,3.7871,3.5804,100,timed
66b65750b26b4418ef9639f2b929fa0f,,,,6.1606,5.5645,6.2666,6.0055,100,timed
66ea4e36f994d4bf11102cbef10a3cb1,,,,3.8890,3.2599,4.0055,3.7706,100,timed
66f099921991da4bc33d1a84c20c7888,,,,4.2362,4.1231,4.7778,4.3745,100,timed
675777ecb1daff61b6917d833406cb82,,,,3.6457,3.0274,3.9597,3.5342,100,timed
6790a334e6b6c6547a7526fb9bfec9ec,,,,7.8062,7.1280,7.9307,7.7831,100,timed
682e8c26332f87690f20b44750be28eb,,,,3.9702,3.3509,4.0585,3.9466,100,timed
683d2f0f319573826904fad060a1895a,,,,4.0217,3.3690,4.0867,3.8884,100,timed
6850ec2ead9d6fdaa4c0776aaf42876d,,,,5.1129,4.6096,5.3682,5.1204,100,timed
68c6827857da65b3fa6ca5a0f6998255,,,,5.4234,4.8318,5.5987,5.3662,100,timed
6974deeab04fad2934c8468d2f242171,,,,4.9145,4.3684,4.9941,4.8564,100,timed
69850253bf36a638fc16c5b7da27e66a,,,,4.2224,4.1653,4.7610,4.2905,100,timed
69889310ffdbb4feaa38a8bf64d33be0,,,,4.4766,3.9211,4.6143,4.4251,100,timed
69981a1f9489145abde585d9b4e47ab0,,,,3.6425,3.5670,4.1847,3.7876,100,timed
6a7021d931aae75193905e9f45a1f825,,,,5.3487,5.0775,5.8947,5.4980,100,timed
6a8e6e97ecd1dc0934e776091c5bfae7,,,,7.0406,6.5203,7.1569,7.0055,100,timed
6a96c1c2c8186bff3577841108abb178,,,,2.6212,2.5425,3.1808,2.7705,100,timed
6aa74936c1b145197a2c4040b5256baf,,,,4.0673,3.5650,4.1890,4.0280,100,timed
6ac171bd805344168d374eaffcfffb06,,,,4.8329,4.7431,5.3902,5.1633,100,timed
6adf09ef60d9568b0c5ce41d788a41bc,,,,1.9735,1.8408,2.7974,2.1614,100,timed
6ae70ab8fa9f291a32aa94691e7489f0,,,,4.6838,4.1299,4.7685,4.6149,100,timed
6b192a4af83fb8eef7b3f3e7d576a87c,,,,4.2424,3.6708,4.3448,4.1456,100,timed
6b357aa289720ff7908c1ab48227a2a0,,,,6.6161,5.9263,6.7216,6.5378,100,timed
6b3807ffed5e90baa1a79b13eb580467,,,,5.1900,4.6580,5.2634,5.1336,100,timed
6b388c0562e2862c12426814f82479d3,,,,4.3653,3.9041,4.5777,4.3377,100,timed
6b3b187b26bf62d08556fc86e69ca60c,,,,5.5323,5.0921,5.5936,5.4382,100,timed
6bb3a5f158c57162b2a9671a1402725f,,,,1.9081,1.8744,1.9743,1.9195,100,timed
6bc1790ed429d54dc732031f2301632a,,,,4.7482,4.2854,4.8351,4.7120,100,timed
6c8ac33982f9b3e9bd26d7475e208bfd,,,,6.2565,5.7249,6.3078,6.1945,100,timed
6cc6f27008da3cd95b7e159d4e26bdb7,,,,5.6663,5.4866,6.2460,5.8368,100,timed
6d9c587c4e9c1de570921cee9285779c,,,,4.9231,4.3705,5.0115,4.8519,100,timed
6de8637c0412a2ba7c41625f911597b5,,,,2.1743,2.1354,2.2380,2.1842,100,timed
6e0dbd705172b517f094c9a75db5b7c4,,,,4.9669,4.3879,5.1550,4.8746,100,timed
6e1a50a62823c2d9ac528de427d2a6b3,,,,2.7406,2.6717,2.8278,2.7466,100,timed
6e611d0ac59be445dc8c4371a43f38d0,,,,5.6615,5.1097,5.8738,5.6232,100,timed
6e66c8882a44d6d79613c399271aaa33,,,,5.6550,5.1092,5.8652,5.5196,100,timed
6e7a1dc16a081a750ba3e0f842e50038,,,,6.7976,6.2419,6.8771,6.7440,100,timed
6ed519887232b15a95c625ad0b2c1bb1,,,,2.8797,2.8531,2.9416,2.8888,100,timed
6ef23dc67b0326c9a53e757dcc44cdee,,,,7.2104,6.7894,7.4289,7.3762,100,timed
6f026193cdbf07ab16259b8f4426e1d6,,,,4.9470,4.3642,5.0129,4.8468,100,timed
6f156ca3180367695987bd202288e4c4,,,,4.5442,3.9715,4.6319,4.4540,100,timed
6f1db217316da634995f315a3246456c,,,,5.0582,4.4467,5.1355,4.9192,100,timed
6f26dc0c4fe9591225e8d3d24ed4f8a6,,,,2.0272,1.9960,2.1220,2.0363,100,timed
6f6257bc3b12d87b8736e81cd4b7ed8b,,,,2.1723,2.1225,2.3172,2.1899,100,timed
6f6f173e3c0fa9ce47f9c0ed91264a3d,,,,5.3968,4.8581,5.6222,5.3465,100,timed
6fd16839551ae8bde74ffe82bc1d3c0d,,,,5.1106,4.5350,5.3115,4.9824,100,timed
7008198c90ed5d4dd8adb0acbd2fd2bd,,,,3.9458,3.2261,4.2794,3.8532,100,timed
702ddef6b5b7f659ef1ed38652d91115,,,,2.6290,2.5737,2.7222,2.6441,100,timed
70b10fe679ce2c532a9b061c609da8bc,,,,6.4541,5.8654,6.5330,6.3894,100,timed
70cec3d45475d0428b47a6143a0c9370,,,,3.4423,3.3825,4.0432,3.5448,100,timed
71269c92a7f4e2672144d06e336513e7,,,,4.1466,4.1183,4.2527,4.1708,100,timed
71485c6997c3c684e23aae3ab1bb18a2,,,,5.6293,5.0480,5.8062,5.5561,100,timed
71a8e99338968a1b97aff372cff0f436,,,,7.4775,6.9273,7.6817,7.3549,100,timed
71d941de64dc3f9945d01633fff34988,,,,4.0035,3.9546,4.5818,4.2009,100,timed
71e04cbfe3702dc1ed4f20821e4af3c2,,,,4.9029,4.3687,4.9893,4.8339,100,timed
71e29ecde1db1f6344801d69c75ed954,,,,2.5926,2.5432,2.7672,2.6286,100,timed
7249d1870bf53ad0b4e2fb501d6f3896,,,,4.1770,4.1344,4.7519,4.2676,100,timed
724ceb3878ccde3f535dd4ab2555c917,,,,5.2483,4.7634,5.3275,5.1967,100,timed
72ca27bfb1b218686ba027508d5fee83,,,,6.3751,5.7228,6.5123,6.3043,100,timed
72cdfc295aa3c7e452a9480c570e4d5d,,,,5.4424,4.7842,5.5180,5.2962,100,timed
72e05c25b5a8771bf76e9125182dd07e,,,,3.4857,3.4405,3.5828,3.4962,100,timed
731e2263c5d50c0a09dc9594f0c8a165,,,,2.9241,2.8534,2.9882,2.9273,100,timed
7400bf856a8e6d142ff2a3b0fc2cd82e,,,,6.1882,5.6123,6.3075,6.1272,100,timed
741fdfc112c0a7235400077190707940,,,,3.3383,3.2903,3.3908,3.3451,100,timed
74430d913c2550db7eded985b42dbfc3,,,,5.6752,5.1798,5.7781,5.6158,100,timed
74b4f4593d17d0a2951634df306a4958,,,,8.4263,7.6846,8.5513,8.3709,100,timed
74c556c77a4f772445c11f8ee8496d80,,,,5.1894,4.6288,5.3170,5.0626,100,timed
7563f814ac8c0426ce9fc95ad52b968d,,,,3.9354,3.9071,3.9594,3.9373,100,timed
756df5b9051397eadeaa19cae9c89652,,,,4.2043,4.1514,4.7750,4.2795,100,timed
758626711dd560be553c20e73ba23f30,,,,6.8057,6.2359,6.8969,6.7566,100,timed
759c3b0c43f3cabeb0a12dc34031982f,,,,3.7962,3.7230,3.8802,3.8066,100,timed
75d640430a93c0904cfcd3d62d2df91e,,,,7.3442,6.6760,7.4432,7.1628,100,timed
7611f5af6fe0e785fc8dddff5c56a6fe,,,,4.3341,4.2082,4.8627,4.5115,100,timed
7638de125a87ebdd2cc2b515b4d41fc9,,,,6.0040,5.4051,6.1189,5.9412,100,timed
76828e7591f15af176ca9f052c332497,,,,5.9309,5.3234,6.0850,5.8910,100,timed
76e95ff773019375ce55737d623dea78,,,,2.6531,2.6055,3.1579,2.6972,100,timed
771a888531d1c59b6c81308ef2a8dad7,,,,3.1808,3.1509,3.7634,3.2297,100,timed
77360751867dd763715d7c921183d33b,,,,4.3618,4.3331,4.3984,4.3689,100,timed
77511ebad54fd5cd1ecf8dc29db36772,,,,6.0778,5.4436,6.1409,5.9942,100,timed
779940613eb81c2bfd643b029f8018b8,,,,5.6920,5.0708,5.7576,5.5996,100,timed
78025c0e31473a8b3b25aae04c3d43b0,,,,4.1407,4.1037,4.7721,4.3462,100,timed
784c6b907ef3777f5773e13da3f13f2a,,,,4.4278,3.8679,4.5005,4.2784,100,timed
79845d7681f9e38d5afc6eb15c01b69e,,,,4.0069,3.9373,4.5466,4.2065,100,timed
7984708a06fc3e37d577f96c99c1914c,,,,5.9218,5.2881,5.9880,5.8170,100,timed
79ac0ca945869f05b1fc34f4110f67d3,,,,1.7452,1.7001,1.8205,1.7535,100,timed
79e5e51f9c2ba884e37a1419b50108f4,,,,3.5407,3.4362,3.5745,3.5372,100,timed
7a531e6f76569528f9feea0a2ced6f36,,,,5.8799,5.3554,5.9620,5.8410,100,timed
7a619819a92582cb90e72bcfcf59bf05,,,,5.9379,5.3708,6.0023,5.8615,100,timed
7a72c7556c98f2eb3bef29ddc9195761,,,,3.7653,3.7161,3.8459,3.8025,100,timed
7a7df354c9ed7699de9797a3c8de2391,,,,6.0942,5.5037,6.2066,6.0386,100,timed
7ad086bdc3ebfa56a8ef5f6f0214df83,,,,5.4443,4.8180,5.5006,5.3296,100,timed
7b00ba173f37fd11c3b879716dad1bd4,,,,5.2729,5.0072,5.6820,5.3547,100,timed
7b2fd70156186ce9dd422edaae54ada1,,,,4.4504,3.9563,4.5528,4.4154,100,timed
7bbec64332bf58b6c1681300e18f6fb3,,,,4.6669,4.1690,4.7445,4.6179,100,timed
7c65f6bd01b87407734781b6038050bc,,,,2.4721,2.3819,2.5523,2.4806,100,timed
7cb9fc92003fb6d5663423001409b318,,,,3.6277,3.0474,3.7046,3.5931,100,timed
7cfd725f077a0c642c7ba8c3cb19a627,,,,5.1370,4.6002,5.2085,5.0916,100,timed
7d0ffe256707d06c1d36df577af56c01,,,,6.6640,5.9442,6.7666,6.5932,100,timed
7d26c1014380504f8717b33ebc4b0191,,,,4.4046,3.8658,4.6187,4.3656,100,timed
7d4b7fc1b99bcb64747f0c5b3b0046f6,,,,6.7068,6.3714,7.0728,6.7545,100,timed
7d968619cd79b2da79057a364affc9d0,,,,4.1573,4.0477,4.7218,4.3179,100,timed
7d9741575b0be783a7e67bf2185d60c9,,,,4.8257,4.7401,5.3909,4.8908,100,timed
7dac2cae5fa78726418f85166c822c17,,,,6.2123,5.6069,6.3688,6.1639,100,timed
7e1457ddf24845418005c21c07757841,,,,4.9637,4.4362,5.1055,4.9171,100,timed
7e6f9d42149ac45cfff02a478c7ae86f,,,,7.1745,6.5187,7.2751,7.0224,100,timed
7e804ee3e327a1d3ab3e34a8ccd3ce7d,,,,4.6943,4.1299,4.8930,4.6079,100,timed
7eae29ce7b118b8684f79d1b18f5ab25,,,,4.6960,4.1014,4.8888,4.6016,100,timed
7eb7a23216c8dd5912830a479a709019,,,,2.4704,2.4054,2.6049,2.4836,100,timed
7fee9a1c1f5b70593e05d7cd21e47a89,,,,6.9832,6.2658,7.1127,6.7583,100,timed
80085ddd7dff0364c3e10ac6a704758f,,,,2.7880,2.1823,3.2159,2.6657,100,timed
8052f7a6ed5070e58dc4afc69b0ee1b0,,,,6.4213,5.8230,6.7389,6.2489,100,timed
80ad935d4722a32b3fe83d7d1e790ede,,,,5.1562,4.6203,5.2196,5.0982,100,timed
80fb4464d0ab82d5f124d228ffd9507c,,,,5.4476,4.8829,5.5144,5.3838,100,timed
8102312b0011e58ab79d3bc6b74b6c05,,,,4.9590,4.4467,5.0913,4.9091,100,timed
812c06587548f3ae3f60452b70805bd5,,,,6.7509,6.1540,6.8528,6.6131,100,timed
815c0e815b8110ef48534a89faf25ac2,,,,4.6792,4.1229,4.7529,4.6050,100,timed
81653de2d99676fa3d377640124a73ab,,,,2.5229,2.4376,3.1980,2.6978,100,timed
816717ac4d61dd62ada09740b4fa6470,,,,4.4391,3.9587,4.5349,4.3748,100,timed
816a12cbf5056eebe04e7a39cdf21d0b,,,,4.5540,3.9159,4.6270,4.3519,100,timed
818335e2311b94ab15cbd7c90cae21e7,,,,4.6377,3.9954,4.8025,4.5442,100,timed
81f5a40841c2dfc0dcad2cf76c88e80e,,,,1.7973,1.7590,1.8775,1.8097,100,timed
821d70ecc12e96b4d0f6513327f9d454,,,,8.4540,7.6994,8.6992,8.3883,100,timed
8259fa5ddab153bcf0717e56a5ed303c,,,,6.1774,5.5021,6.4398,6.1272,100,timed
825e80c1557fab300e9775840161bf8e,,,,4.9692,4.4416,5.0170,4.8914,100,timed
82689451fc85eacd865316b68270b01c,,,,4.6755,4.2604,4.8827,4.6185,100,timed
829770556ba3fbf0e154772f5f037d34,,,,5.3564,4.7925,5.5100,5.3017,100,timed
82c1c57c423890164d4a46e272f298ab,,,,5.6485,4.9665,5.7799,5.5535,100,timed
82e63bfa68c8214e5945c9cff5e37a17,,,,3.1429,3.0741,3.7261,3.3260,100,timed
837f1f77737c7f262afd9d7271a99b85,,,,4.3782,4.0836,4.7154,4.4111,100,timed
83de10cc3c3e7abc753efefa5b2f3475,,,,5.2419,4.6132,5.4302,5.1585,100,timed
8413eea4b2037cf27f6a9755759bac6a,,,,5.4528,5.3170,5.9796,5.6106,100,timed
842c29188050053fcea49339bb043deb,,,,8.7068,8.0322,8.8087,8.6211,100,timed
842cd6998525233fe308e28fb49186e6,,,,3.4943,3.4558,3.5213,3.4960,100,timed
845a4b654acb7d14b25138c4d792eb74,,,,6.2616,5.8966,6.6939,6.3140,100,timed
84a55e4cde35e728f9f0d1f1e83badc0,,,,5.1656,4.6001,5.3246,5.0462,100,timed
84b167c77985fe05f490bc4141dc676d,,,,4.5015,3.9478,4.5839,4.4264,100,timed
852f21047c2aa03cb1fde04587083228,,,,3.3663,3.3268,3.9112,3.4218,100,timed
853add1fb58360f2ee5b53178d6429dd,,,,4.8678,4.4229,5.2616,4.8682,100,timed
8544d4b88c215d814f921c3d27ab9715,,,,5.8400,5.6590,6.4318,6.0196,100,timed
85745917b80e88f503fafc55d3b784c2,,,,3.2914,3.2551,3.5111,3.3216,100,timed
857c845e281e733583b3e1f7f13a243f,,,,3.7826,3.7305,4.3691,3.9763,100,timed
85fc17d541dc5eb70337803fcea31de8,,,,5.0967,4.5284,5.2682,4.9621,100,timed
860569af9621d6745663a2956c5191ad,,,,4.6116,4.3311,4.9633,4.6655,100,timed
86083346482d6f53635eb434524b5511,,,,4.1828,4.0930,4.7049,4.3052,100,timed
86234eb6135af3960d7fdea3d65f645a,,,,3.9668,3.9434,4.5475,4.0575,100,timed
86b6f658f237f6dd05204a6ca97d5743,,,,6.2254,5.6962,6.3418,6.1733,100,timed
86ef58b422915affbb5f01dc2fc5c1ce,,,,4.9803,4.4987,5.0682,4.9507,100,timed
870510b55facdb8976f862394e9c4fc3,,,,4.7381,4.6389,5.3304,4.9382,100,timed
87ddd8c9aaa5ffcfa8988b2208320cbd,,,,7.7209,7.0629,7.8935,7.5665,100,timed
8810708382e7993dff9f4fb2742d3635,,,,2.3584,2.3129,2.4782,2.3867,100,timed
8833639bdf7c2aa109b969c32a65cc28,,,,6.4994,5.8528,6.6023,6.3866,100,timed
88533e8540790ea14214199b7b18c5a8,,,,6.3866,5.7526,6.4895,6.3177,100,timed
8857e90db260c3ae832eb1d3ad1d2337,,,,6.6829,6.6252,7.3638,6.7692,100,timed
886abf4ac14e23ff82b11794328a3547,,,,6.7455,6.1559,6.8715,6.6151,100,timed
8885e8e531900b8af1393e4e45cf43d8,,,,5.1016,4.5578,5.2783,5.0287,100,timed
88b8c2d06e3be302d64cc528062b5595,,,,5.3820,4.7837,5.4507,5.2858,100,timed
88fbe77b5640371dcbfb38598126b26b,,,,4.8007,4.1884,4.9994,4.7057,100,timed
8931375b17571d1c7fbf7c112dbe28bc,,,,6.2412,5.6456,6.4614,6.1896,100,timed
899273c79511eb3886001ffd5fafdf65,,,,7.9059,7.3195,8.0233,7.8755,100,timed
89cb2b3dd91a73e067eea4b1b67e033d,,,,5.6171,5.1026,5.7941,5.5728,100,timed
8a666b281d20242f496975081b2e601a,,,,5.1268,4.5828,5.2921,5.0072,100,timed
8a67d9ba0c93eb2f70c707fc6efff028,,,,5.5506,4.8503,5.8196,5.4916,100,timed
8a8c599255733293cca58f201eb56bdf,,,,5.6478,5.0982,5.8013,5.5910,100,timed
8aacaa51eb7421d4fe918e3421437986,,,,6.9020,6.2223,7.0384,6.7229,100,timed
8ac52337a9d2258225417431679eb4ac,,,,4.7147,4.1382,4.9480,4.6107,100,timed
8b2e434cce492e217d6e82c44a6de814,,,,4.4350,3.9707,4.7774,4.3802,100,timed
8b7f9b37a02fdf554fb77e97a2c4edbb,,,,6.8122,6.1362,6.9507,6.7409,100,timed
8b900e6fbd7672c65fe6f833e95c200b,,,,6.0698,5.4217,6.2469,5.9898,100,timed
8b9be5d95d30991c3858fe0024905d8a,,,,5.8265,5.2511,5.9407,5.7279,100,timed
8c354810335fa8f8af62e14e69c92416,,,,7.4851,6.7807,7.6057,7.3567,100,timed
8c7c4a40a9479c7f697b5bc3af501f5b,,,,7.7854,7.3473,7.9142,7.7538,100,timed
8cb3a764fd692371153c2c8503f840e0,,,,4.0319,3.3681,4.1167,3.9513,100,timed
8cc1db85d68941ddc0ae6f455b7dd8ae,,,,5.6366,5.5333,6.2798,5.7357,100,timed
8cde6d91c55887e02d1e539a4158519d,,,,3.6333,3.0327,3.7081,3.4873,100,timed
8ce7a157bb8325e06b4979c5ad77d620,,,,2.4469,2.4030,3.0705,2.5562,100,timed
8d6551d697ad30bb0a174e47d0bda0f8,,,,6.0272,5.4161,6.1192,5.8846,100,timed
8d9bd61b19a1c7b12f72ae934f99efb0,,,,6.9733,6.3450,7.2205,6.7975,100,timed
8da04adf608eb22905587f461a1c3edd,,,,4.0733,3.5429,4.1766,4.0253,100,timed
8dcab98e50962bc64eb888de400a2d60,,,,5.6948,5.6086,6.3371,5.8538,100,timed
8dd13a561a5d593fdc828306b10a4e60,,,,2.3046,2.2173,2.3835,2.3022,100,timed
8e1d80638c24b4d6cf2dfdadebca9737,,,,3.8851,3.3366,3.9833,3.8282,100,timed
8e651ef65c083b4d631d9f4e1057b603,,,,5.9839,5.3620,6.0637,5.9280,100,timed
8e745799d6c739ad3f03b9de020abc08,,,,5.3340,4.9327,5.4046,5.3249,100,timed
8e85de1dead7e9c3e04aa83a4a4b5ab1,,,,6.5919,5.9462,6.7213,6.4551,100,timed
8ea87d1967f5899f0378de0842f03357,,,,4.4650,3.9082,4.7883,4.4426,100,timed
8f05e88084647ad6561578d45893e81e,,,,6.0737,5.4585,6.2259,6.0472,100,timed
907802d27f786475545b76371b5b5da9,,,,4.4820,3.9434,4.5983,4.4112,100,timed
90a35050239ec41f90adb19f0aa7a9e3,,,,5.6182,4.9813,5.7556,5.5610,100,timed
90d41553c012f05a35e0fd41d5b68295,,,,6.9184,6.2202,6.9687,6.8577,100,timed
90e3f5faec3240ddfee38a004cead72a,,,,2.4784,2.4240,2.6407,2.5002,100,timed
90ef47dbc5f8d324099359433fbe82df,,,,6.7703,6.1885,6.8798,6.9020,100,timed
9136b2e02ddc2881f410b4ba54bbad48,,,,6.6206,5.9326,6.7292,6.5116,100,timed
9172e8ef5d8828d5f87ab87f7d9bde8c,,,,4.3685,3.7769,4.4846,4.2710,100,timed
91918ea9f4e4b7db350e8cb1dcc8f0c2,,,,4.6719,4.1917,4.8013,4.6386,100,timed
9205f3085fe97cb7a47783c3bbc01eab,,,,2.6642,2.6090,3.2308,2.7265,100,timed
9276fde4b697391a8d5066e28867bb0b,,,,5.5534,4.9932,5.7864,5.4663,100,timed
9293a63abf5e8458b478099cbb9570d2,,,,3.7442,3.5340,4.6061,4.0951,100,timed
92a5631bab282fb916ce1bb17226e868,,,,6.0277,5.8802,6.1524,6.0314,100,timed
92ae8634e6ea95d7d48e9fe6c2f3836b,,,,6.4435,5.8233,6.5877,6.2989,100,timed
9356645ae93df380444ea4ea52aa9663,,,,3.2915,3.2233,3.9011,3.4439,100,timed
94077873c0860ab2590b655a1889e3c3,,,,5.9424,5.2871,6.0518,5.7955,100,timed
941745c7ff13c8da20212953c63d1d32,,,,5.1521,4.5849,5.2671,5.0894,100,timed
9440aadf0cbb3db290a9d87591c09be9,,,,5.8798,5.2089,5.9710,5.7775,100,timed
94bd326911f061808bc2197d97760da8,,,,4.8805,4.2753,4.9671,4.7466,100,timed
951fbeab18853b16a3b9f31f410ccc3b,,,,7.3034,6.5826,7.4830,7.1990,100,timed
952dfc4e689b9c00236770eaf021bcd5,,,,5.2071,4.6781,5.4669,5.1062,100,timed
95717613c5c79692756a23a8a02ffdb6,,,,5.3411,4.7839,5.4107,5.2791,100,timed
9658ee67bf050f0fbc8e337a6a5f6cee,,,,4.3801,4.2960,4.4475,4.3829,100,timed
9679451bb3280c35d3c4bb2141d70694,,,,6.9287,6.2957,7.0648,6.8553,100,timed
96794a104891b22bf4f2abbdd7c3e90f,,,,2.5878,2.5361,2.6267,2.5888,100,timed
968755e05b28d2bcd83ffd9db9b837dc,,,,5.1613,4.5736,5.3453,5.0947,100,timed
96ad5bd16b5c2d4501ee3e16ef2a1dd8,,,,4.5495,3.9116,4.6227,4.4286,100,timed
96bf52913dbdd678023248228c44161d,,,,3.3702,3.3028,3.5332,3.3953,100,timed
96c1edf2519472092008f6565e352e75,,,,3.1919,3.1129,3.2526,3.1963,100,timed
971ac24547267da23e12018371b49874,,,,4.9229,4.3720,5.0718,4.7696,100,timed
971d4a887ef4b24e31731c0dfd816253,,,,5.5987,5.2486,6.0598,5.6437,100,timed
97889eea40097070385170769c219cbf,,,,7.6509,6.9394,7.7793,7.5590,100,timed
97a871e1febc99c32b5744dbd658d2cd,,,,6.1947,5.6334,6.3403,6.1214,100,timed
980f15236179785b551c73fc8d6e984c,,,,4.6529,4.4891,5.2826,4.8228,100,timed
98f98be5d542c77409e1af4470782107,,,,7.0678,6.9304,7.7822,7.2083,100,timed
991320ea46fdc1457a1273cbf5aba759,,,,4.4117,4.2204,4.8773,4.5259,100,timed
9941441e03741eeff067d2631a108b88,,,,5.9370,5.3405,6.0544,5.8797,100,timed
99721afd3b8c087a8ca3ea7f28af83ae,,,,5.1832,4.7045,5.2213,5.1267,100,timed
997324d7135eecbf9adfaab28c82993a,,,,4.7777,4.2392,4.8893,4.6844,100,timed
999343ba2fa65de082920986f582ef16,,,,5.3069,5.0322,5.7934,5.4327,100,timed
9a00438f0896232e140bc6386da5795f,,,,5.7292,4.8815,6.1440,5.6301,100,timed
9a2b900056c9c0337a844227bd7e339b,,,,5.0620,4.4642,5.1615,5.0162,100,timed
9ab996abaf7c9b44d657088a4eca7052,,,,6.0482,5.4614,6.1345,5.9929,100,timed
9b42bbb2497a2f58dee903d289ec1d27,,,,5.2628,4.6655,5.3707,5.1813,100,timed
9be41c6cf6d0d5c24f123ede691165ec,,,,4.7132,4.1228,4.9655,4.5961,100,timed
9c9e127b5d94aaad1a511c080df7a376,,,,6.4955,5.8250,6.6093,6.3892,100,timed
9cbe27c0f0a34fbfa53c8f1ac14ecd75,,,,4.3115,3.7099,4.5202,4.2223,100,timed
9cdc8d7d74f726a82ca50f89f295d6d2,,,,3.8646,3.2862,3.9895,3.8038,100,timed
9cfdcd94e42e27e1c98ab7a399c632c0,,,,5.1730,4.5950,5.3478,5.0411,100,timed
9d6114a69e8dd4e9fd94a4135acefe34,,,,4.4588,3.8355,4.7947,4.4725,100,timed
9d6a3f721926eebbf2277acdf938b14f,,,,4.6524,4.5632,5.2060,4.8388,100,timed
9d945979a511db5b3a3bcf0e56ce77a5,,,,5.1884,4.5911,5.3506,5.1695,100,timed
9ddcb4352e76b30e81657979f9b9cbef,,,,5.1811,4.6391,5.3760,5.1655,100,timed
9df5740cb4c58ca0d0b39b00e06945c7,,,,4.1472,4.0970,4.6445,4.2043,100,timed
9e13d13f68bf5ce313b5847654d0f02b,,,,4.8494,4.2441,4.9821,4.7300,100,timed
9e6133c934fc1024fffdc13ab5bda45b,,,,4.3784,3.8119,4.8142,4.2423,100,timed
9f1b49c2d168104d28574ec7edb58dc3,,,,6.5092,5.8051,6.5818,6.4326,100,timed
9f217c636575306d3be9cb2f01eecb08,,,,3.3304,3.3047,3.3658,3.3358,100,timed
9f4f07e32195542677bd0acbba9cf3f4,,,,3.7379,3.6734,4.3451,3.9008,100,timed
9f5bc44b235f5109da1a85ae01eb0b08,,,,4.4852,3.9146,4.5505,4.3291,100,timed
9f8cbcb28eeffd2271d4e9d9452fc36c,,,,4.8244,4.2688,4.9921,4.7502,100,timed
9fbcfdba7eb6a45217da1a8c3fbb3b71,,,,4.2410,3.6772,4.3814,4.1121,100,timed
9fe1f5bd15d48e230a72cf36a3dba1ee,,,,4.9698,4.3088,5.2691,4.9389,100,timed
a07a490140e123780a8fee1688207e19,,,,6.6776,6.1328,6.8049,6.5241,100,timed
a14c891ee1d865dbc8a66b1bc3cada51,,,,6.6423,6.2309,6.7235,6.6000,100,timed
a173b2b7cef1a83d2f4b2c60100e202b,,,,6.1083,5.5687,6.1932,6.0646,100,timed
a1cab48052a76de2d82508410bd2761e,,,,6.6838,6.1467,6.8054,6.6389,100,timed
a2188a64504f13d0f5ad85a687d10743,,,,5.9820,5.4286,6.2401,5.9908,100,timed
a2193374d95ee8c3705d8c70065389e6,,,,4.1844,3.9660,4.6857,4.3181,100,timed
a220b0487ff7cbcd7d9b4a2bf689bee3,,,,4.8263,4.1614,4.9058,4.6865,100,timed
a293c4916be4760f28af550f784e4062,,,,6.9120,6.4536,7.0034,6.8731,100,timed
a29711f5a7d0a8ec8f2e53c6bddd7964,,,,5.0589,4.4300,5.3028,5.0346,100,timed
a2b1e16ff660f631ac8f510558f5e28e,,,,5.8169,5.2013,5.9168,5.7500,100,timed
a2dbe984c6a06f659e22503e830fc66b,,,,8.5783,8.1355,8.6675,8.5409,100,timed
a2ff048bbd10f06c03164c22f156a453,,,,4.5210,3.9410,4.9076,4.5132,100,timed
a321fcc724dcdd6974f64d546909b58e,,,,6.1579,5.5330,6.2865,6.0775,100,timed
a325d39cf3ac0ed2648abf7cc578e38f,,,,6.7894,6.1986,6.8704,6.7298,100,timed
a34528859efd28c7a2315dbd876f6678,,,,4.4107,4.3600,5.0707,4.5599,100,timed
a3712156fcf71d5eeb9df1c3a4ccb91c,,,,5.5815,5.0134,5.6500,5.4575,100,timed
a38ce90687a1f0d4d58ef9df300c4dc1,,,,4.7101,4.5480,5.2194,4.8729,100,timed
a45a0a1645289de5a6482c35ad9f185a,,,,5.3270,4.7390,5.4154,5.3540,100,timed
a4c71eaa7d0778c6a3ac2205e8ebe6f1,,,,5.3669,4.8156,5.4239,5.3047,100,timed
a4c830aaaa9d645e8a00e92c529e2611,,,,4.8020,4.6297,5.4019,5.0183,100,timed
a4e403d5785a95fc72191cff16a321a6,,,,4.3110,4.2528,4.9412,4.5363,100,timed
a618386c489b558ce5bd285d4ea793ec,,,,4.3844,4.2911,5.0503,4.5051,100,timed
a634db6c204329abc7ec9244526e4acf,,,,4.8108,4.4653,5.1769,4.8420,100,timed
a665b13021b69a2c84bbf3105c0cca37,,,,6.0766,5.5199,6.1766,6.0146,100,timed
a673e53e87c4c863a3129b8cb9ac5cda,,,,5.5722,5.0103,5.8081,5.4712,100,timed
a6953265167b76e2ecab4eb0afad6a3d,,,,5.6813,5.0529,5.7702,5.5958,100,timed
a69d0383a5e9bc079f0f1db3664d7445,,,,5.0479,4.4819,5.3686,5.0354,100,timed
a6a4c66cdd64789c73aae44ce88ee90d,,,,2.6413,2.5966,2.7095,2.6462,100,timed
a6aa499904b38cfc07eeb87621b614cb,,,,4.3908,4.3295,5.0591,4.5945,100,timed
a6e1161e28c87f691606f452cbd2625f,,,,4.5511,4.5085,5.1122,4.7226,100,timed
a6e84cf206a71c1940c740e786109d4f,,,,4.9527,4.3874,5.2356,4.8037,100,timed
a6fda1cd5df4a97f5f44e8fd7f0d922c,,,,5.8509,5.2453,5.9482,5.7607,100,timed
a704c75bbf81b843921b5ee8af791181,,,,3.8303,3.2716,3.9446,3.6928,100,timed
a71e4989d59440b14d17f2e51c4beb8e,,,,4.3318,4.0101,4.7709,4.3659,100,timed
a73457200f0d7383a3bcdd22415c0fca,,,,7.2765,7.1105,7.3683,7.2757,100,timed
a7566f2090f0f83d77330a8c572c6402,,,,4.4136,3.8718,4.7543,4.3488,100,timed
a7b12025cb9aadc5378a73cfb4146fd3,,,,4.1740,4.0921,4.3207,4.1878,100,timed
a81775712491499974b4c6823ba04672,,,,4.7905,4.2348,4.8359,4.6999,100,timed
a86dde299f89b29f81573ed9e5a93999,,,,5.0077,4.4505,5.1112,4.9270,100,timed
a86e838c989993e8e6f2faba34610935,,,,5.7490,5.2253,6.0036,5.7266,100,timed
aa04a8cf3948a0eda70280b9e015e896,,,,5.2468,4.6805,5.3310,5.1848,100,timed
aa665d5ca55829b9ddd3a4d1c360a87b,,,,6.9002,6.2718,7.0270,6.8490,100,timed
aa772a6fabdf214d071700d5de36eaac,,,,5.9114,5.3015,6.0442,5.8537,100,timed
aa7b0f3ebe30e40cce3f0273b083e7c3,,,,6.3159,5.6483,6.4160,6.2243,100,timed
aa82800062a6de72d4c1152154fedcbf,,,,4.8142,4.1948,4.8774,4.7230,100,timed
ab4515814f7cbfdd3c0731a979042b7f,,,,5.5463,4.9228,5.6343,5.4416,100,timed
ab5eb5f1bbe888a3f8ac13fdb600675d,,,,5.5600,5.0054,5.6567,5.4682,100,timed
abbb229f6d99fca2894a8bf159d9ec19,,,,5.5051,4.8420,5.9829,5.4769,100,timed
abc4a96cad7cbefd12e365f184cad2c5,,,,5.8266,5.1878,5.9869,5.7527,100,timed
abdf715e664f53708e379d1e10ab09d2,,,,6.8727,6.2152,6.9807,6.7154,100,timed
ac9bd0e2514c031187b612db767fb038,,,,2.2447,2.2099,2.2878,2.2474,100,timed
accc89fbbf20834663bf78d836746304,,,,2.5245,2.4617,2.5946,2.5285,100,timed
acfbc2d7cbf5a89feb83c156c81ae4e5,,,,6.0740,5.9935,6.6642,6.1875,100,timed
ad2890a0514518c4ad5823cafa7c77ee,,,,5.2227,4.5429,5.3837,5.1192,100,timed
adb0222a55502bc995c9423c5a6a81c7,,,,4.3898,3.6432,4.9193,4.3340,100,timed
adf5ea752a5c97d75deb8456afa39921,,,,4.5631,3.8610,4.7981,4.4241,100,timed
ae64022f9eb4d711b7a641ae08009269,,,,4.4832,3.9608,4.6892,4.4426,100,timed
ae8226a2141935fa6950cecd98eaa005,,,,5.2535,4.6777,5.3639,5.1710,100,timed
aed6c55f69f51f50a3ccaccfc9671bba,,,,3.8729,3.7835,4.5123,3.9834,100,timed
af5a3a68e1353171ac670fe843660132,,,,7.3380,6.7120,7.4165,7.2787,100,timed
af92509333e1f98b963251ce6f2011e3,,,,5.3857,4.9224,5.4668,5.3295,100,timed
afbae1c035782c5f51f7542247d99794,,,,5.3264,4.7773,5.4032,5.1541,100,timed
b03f7cb52ec8640a3b4f171a735d482e,,,,5.1275,4.6739,5.2230,5.1089,100,timed
b0af3f069c5cb289a89d7bccd621845e,,,,6.4954,5.8881,6.5741,6.3531,100,timed
b1075acb15c1416eb97ad6607cef4f3b,,,,5.3860,4.8139,5.5321,5.3467,100,timed
b11ebfad8525cd6f388d1c36eb981a68,,,,4.8968,4.3773,5.0259,4.7495,100,timed
b1e8588a4ddc7cdc703046d9c4bf5403,,,,3.9423,3.3059,4.0261,3.8788,100,timed
b2ad69553f55d4963afbb50157f215c2,,,,5.3866,4.7754,5.5151,5.1995,100,timed
b2dc755e6163fdadfaf1a20f11ede4f7,,,,4.7321,4.1875,4.9473,4.7036,100,timed
b31a306fb738bf434a7a637c9ffe68ba,,,,3.2039,2.5946,3.3325,3.0069,100,timed
b323da5c45643e9c967a0546dc939764,,,,3.8274,3.3180,4.0036,3.8043,100,timed
b34c0272bee36b6fbd2971734b2e0a63,,,,4.1628,4.1047,4.8335,4.3916,100,timed
b372fb0e24b1511b7805d1d6bd1c78c6,,,,5.1197,4.6171,5.2939,4.9767,100,timed
b3dc79507d0bd5a4b0915ba165376fbf,,,,4.4126,4.3416,5.0147,4.6010,100,timed
b436a6e7730396404984f0775bdbdbc9,,,,4.5285,3.9619,4.5845,4.4306,100,timed
b49ac8c578b4561d79ac7087988f1c61,,,,2.0947,2.0298,2.1534,2.1017,100,timed
b4c0b02c5dcd1b49a7b47be99a3e0fda,,,,5.1450,4.5703,5.2064,5.0546,100,timed
b4ed20daca47eccf1852b226911a394f,,,,4.3082,4.2476,4.8415,4.4802,100,timed
b59d40920fd59f2b76a8ae0c5504085c,,,,4.9231,4.6768,5.2776,5.0011,100,timed
b5a93d6f54b779f0fa99b243466bacea,,,,7.7170,7.0110,7.7996,7.6488,100,timed
b5b2760be383c2f1485073b1c54d02e9,,,,3.0300,2.9232,3.1975,3.0530,100,timed
b5c67e246aa1b13c2a1f368cfaf3705e,,,,5.5560,4.9220,5.7144,5.4293,100,timed
b63f6a132f77910ccac030af0f120192,,,,6.9213,6.2260,7.0219,6.8649,100,timed
b6c9554acdc4b47d81823ba67626f845,,,,5.9711,5.2328,6.1431,5.8184,100,timed
b6cfe6189f05c33821cb9d0df417a8fc,,,,6.4465,5.8250,6.5593,6.2829,100,timed
b7722bcee5e5c3e61965e8da35cb82ad,,,,5.3976,5.0585,5.7966,5.4539,100,timed
b7b8d82d71264d1d606793b5a65a4ecf,,,,5.1825,4.5602,5.2920,5.0925,100,timed
b898e8a7ada8eadb0319638eb2d0520f,,,,5.9466,5.2999,6.3518,5.8358,100,timed
b8ac1fcbc2fca0dfc45a99652b502843,,,,4.5076,3.9180,4.6768,4.4028,100,timed
b8c0df1967a82ca4f0be3e88cf2efbb6,,,,4.9198,4.3209,5.0054,4.8390,100,timed
b8c821682443b314c913878f9febe926,,,,4.3317,3.7549,4.4484,4.1338,100,timed
b8f5db82f5646ced448205c7de637f33,,,,5.4181,4.7495,5.5077,5.2634,100,timed
b9004ebdd029b077bc3e6cdb7da692d4,,,,2.9100,2.5613,3.4167,2.9727,100,timed
b91f365bf5006d28865808e3e74ddc75,,,,5.0884,4.4348,5.2098,4.9927,100,timed
b94752eaa467ee9b62e24643dfec7376,,,,4.5627,3.9924,4.9428,4.5164,100,timed
b98c29c210adbd72771cfa1b08e278d2,,,,4.8790,4.7326,5.4432,5.0661,100,timed
b9b8d68a9e92490be9fae5fe98c93fff,,,,5.1896,4.6106,5.2507,5.1305,100,timed
b9ba3436af81be9d9dbfb8ec840e59da,,,,4.4544,3.9285,4.7515,4.4180,100,timed
b9d626506f441e7dff83e31537491aa6,,,,3.7577,3.1072,3.8210,3.5911,100,timed
ba4571cd14baeac35e8379941d456294,,,,7.2908,6.6307,7.4339,7.1118,100,timed
ba913daa2e7faa0619ceea5b3b7db9bc,,,,4.4734,3.8514,4.5544,4.3764,100,timed
bacbce1769dfc8fae89fc31c6f525d2b,,,,6.7340,6.1090,6.8783,6.5653,100,timed
bb00db7cdbac28ecfdb1a69529ce1dfc,,,,4.5741,4.3064,4.9606,4.6447,100,timed
bb324de5f249ac88fbd794a0b956bcce,,,,5.5975,5.3557,6.1326,5.7606,100,timed
bb60c46f5b7c352b7900043c5ef7e0a7,,,,2.6650,2.6013,2.7075,2.6626,100,timed
bbafb7b224f5af0a5e6a28a0f3db97af,,,,7.0798,6.6067,7.3908,7.0661,100,timed
bbd7d7c4c9b9d1d8532d3f1fa4af668d,,,,5.4659,4.8711,5.5436,5.3436,100,timed
bc09be64afbb2ccb28cde3bcae556f67,,,,4.0498,3.5276,4.1118,3.9955,100,timed
bc12ef2ce699b9f9ed98731c977784ac,,,,7.5946,7.0244,7.6792,7.5531,100,timed
bc1b9abe00d344cc7b6bc5d24e176b83,,,,5.5467,4.9566,5.6260,5.4478,100,timed
bc87a8607312e46c1e5b8157354e44e6,,,,6.0065,5.4490,6.0836,5.9293,100,timed
bc94f0e3a913530f3914612d02a328a3,,,,5.2304,4.6671,5.2999,5.1658,100,timed
bcac9da9e452e7374364a599a26a61a0,,,,5.1575,4.5929,5.2706,5.1066,100,timed
bcc43ab208a192a9ef8a1d41acdd79c9,,,,4.7049,4.0840,4.8069,4.6026,100,timed
bce637b42a97ffd878015bb681c21f0e,,,,3.7874,3.2547,4.0461,3.7715,100,timed
bcf7cef6d5b96880a65b8cb06a8546e2,,,,4.9224,4.3548,4.9751,4.8033,100,timed
bcff469d9ca87c205c3cdfbbcbfec4d6,,,,4.7306,4.1794,4.8268,4.6024,100,timed
bd7f38d9c1e6f746e0636499031e0f53,,,,2.7423,2.6655,2.8836,2.7645,100,timed
bd827b56353a16aca75736cd910b049a,,,,4.8081,4.3364,4.9370,4.7747,100,timed
bd831fe4ed1f03d55d931dea19d4a7c0,,,,6.7688,6.1724,6.9581,6.6098,100,timed
bd9c3973a15cb2d5972acb3b993998d1,,,,6.3487,5.8739,6.4291,6.3113,100,timed
bd9fee5fb5cc050e8789cabe7f06ea7e,,,,4.3926,3.7689,4.7330,4.3535,100,timed
be37244bef6847254a11217570b03524,,,,4.9627,4.3875,5.1194,4.8494,100,timed
be8770aa22f4d87e9f298e7df5bb2cec,,,,4.8894,4.3322,4.9757,4.7947,100,timed
becde56eb7bf8064d2273c0e0eb15ecf,,,,6.1895,5.9683,6.7906,6.3390,100,timed
bed0664cd033875b2f5059277b8d1a9e,,,,3.6344,3.1343,3.7968,3.5051,100,timed
bfeb1695ef0d4465d162ef0b8b816ae8,,,,4.5821,4.0213,4.6656,4.4886,100,timed
c024e48e6a40f824b81342401a836432,,,,6.1720,5.5927,6.3808,6.0206,100,timed
c03408d8ed90c0cdece556cca6d19cf9,,,,4.0292,3.7181,4.4219,4.0657,100,timed
c0d64000c3795c929f097aa01953244b,,,,3.4164,3.3543,3.5216,3.4259,100,timed
c0e6b63918f2d62e6aeddc0092a496b8,,,,3.9698,3.9188,4.5188,4.1230,100,timed
c122367432b22688bc63c2f329bf5286,,,,1.7703,1.7193,1.9065,1.7909,100,timed
c17f0eaee8b311423d94291e79968952,,,,5.2537,4.6184,5.4898,5.1770,100,timed
c18167dbad42bf4b495860c48908c0c8,,,,2.4371,2.3925,2.5264,2.4463,100,timed
c1cef69a22e3ba222471d20add1243eb,,,,4.5158,3.9417,4.6068,4.4052,100,timed
c1dba24fc08f29b230d7d3c098c9517c,,,,5.3204,4.6028,5.3746,5.2226,100,timed
c2b22d3746fd4e2e9e2798aef348e8cf,,,,4.4555,3.8733,4.5888,4.3752,100,timed
c2b9f32e44695e1371c6926c406b9871,,,,5.3020,4.7847,5.3797,5.2544,100,timed
c31fc88bf3c0becde256e1b15e057305,,,,4.2886,3.7088,4.4598,4.1971,100,timed
c330076d84843e97be8255f84e6bf74a,,,,7.4202,6.6979,7.5401,7.3187,100,timed
c371b88a82c4255021bc21b73830d5bc,,,,5.3332,5.0168,5.7892,5.3951,100,timed
c374fe5bbb3c9760aa59c669272bbf1a,,,,4.2563,3.6884,4.3686,4.0973,100,timed
c385cff57230e741416398670b9fe6c5,,,,4.5211,3.9254,4.6445,4.4667,100,timed
c41cdfda81450373fe921c4920794f6b,,,,4.7616,4.2127,4.8179,4.6690,100,timed
c465ad35f7c93aefdf743307af761ae1,,,,4.7320,4.1675,4.8046,4.6461,100,timed
c49e4ac9841c77d6b5c8868bf48f8829,,,,2.4284,2.4126,2.4838,2.4370,100,timed
c4efdf77a43e8d3bd8b92e416b79109e,,,,5.8347,5.3815,5.9291,5.8077,100,timed
c51ebcacd4c1298650f62d479909cae5,,,,6.2441,5.7642,6.3221,6.1808,100,timed
c53bceec7935e8743e66c08fe7793a20,,,,5.3327,4.8138,5.4121,5.2958,100,timed
c5612807a5fab7a7e13df996f8092095,,,,5.4440,4.9779,5.6751,5.4103,100,timed
c59a0ed79aeed758107f1cb22dd90432,,,,3.6642,3.2090,4.0024,3.6330,100,timed
c5a8ee1abdf621ea2c39d88965507a27,,,,4.5249,3.9309,4.6067,4.3793,100,timed
c5b401ca33000a6675406689768cecd1,,,,3.9638,3.8810,4.5359,4.0183,100,timed
c5be66d9056923e12cd092c193900a5c,,,,5.3120,4.6692,5.3823,5.2519,100,timed
c625ac37ab948f898c3c054e1d4036cb,,,,6.3916,5.6747,6.4924,6.1591,100,timed
c63fcba86f8fd2f2eefaceda05d9aac8,,,,6.0898,5.5540,6.1742,6.0513,100,timed
c6c7a7a185bfb133dba8e90aa748aa97,,,,5.1807,4.5988,5.2386,5.1083,100,timed
c6d2c8dc6db7566e4e547ffea6e12a8f,,,,4.4455,3.8755,4.5247,4.3384,100,timed
c722f996d921294a5b74c622d4f7ac75,,,,5.1268,4.4466,5.4434,5.1183,100,timed
c72b3071edd01d4d832b3385d105c706,,,,5.5276,4.9284,5.6233,5.4340,100,timed
c74c8d67773abccbc200595da0a84f13,,,,3.0938,2.4712,3.1699,2.9025,100,timed
c7ad8d6d128cf6a4209445607328fa4a,,,,4.9086,4.3266,5.3121,4.8992,100,timed
c7f7307afb5ee2b8d1533d087109f2b6,,,,4.2952,3.7145,4.3930,4.2044,100,timed
c807e9fcfe33f4affc82bf6c0e60f453,,,,4.8103,4.3108,4.8735,4.7521,100,timed
c84170e92aef5079ae923a958cddfb1b,,,,3.8517,3.7385,4.4212,4.0447,100,timed
c8560eb1bf8809d22c34dfdd443117c2,,,,4.5543,4.4754,5.0922,4.6293,100,timed
c89315c072ad822ce7010bca146fbecc,,,,2.9228,2.8380,3.4858,3.0623,100,timed
c8c0c1d28b982ed0606fa0ef1a0ce3f1,,,,6.0578,5.4596,6.1922,6.0102,100,timed
c91dccc4fe706882a549d9502642e569,,,,5.8162,5.3759,5.9401,5.8103,100,timed
c9204a6ad8dd6d811d5e5a2824101724,,,,4.6987,4.4547,5.1118,4.7947,100,timed
c9983c4d8fc199d68a3778c8e181a319,,,,5.6739,5.0925,5.9087,5.6505,100,timed
ca548741288594b4f10bdf4055a25741,,,,3.5067,3.4227,3.5366,3.5066,100,timed
ca6562bcffc352e5e28fb9f67556abbf,,,,5.0371,4.4613,5.0885,4.9790,100,timed
cac2ab2b1c21698c84140b29e4c428e5,,,,7.1180,6.4488,7.2588,6.9017,100,timed
cafd85f3e54ce4216301777d4b10419a,,,,7.1143,6.5175,7.1999,7.0545,100,timed
cb4bd6a6a236330b89824fbfe461ae95,,,,7.5919,7.1745,7.6390,7.5449,100,timed
cb61ff5026aa4280858de250a5422623,,,,6.4199,5.7354,6.5528,6.2260,100,timed
cb6c7b3f3b686299a3434ee1aec84bbf,,,,8.4127,7.7277,8.5138,8.2234,100,timed
cb6ef5912869f5940f7bafd89949a46e,,,,5.8767,5.3213,6.0472,5.7383,100,timed
cc7555855ad0d1c36537a472dea36288,,,,4.7995,4.2485,4.9020,4.7137,100,timed
ccc084535b7fbe102538c08a7b912308,,,,6.2381,5.6689,6.2932,6.1566,100,timed
ccdbdaf440fa55eddccfe5549892a513,,,,5.9890,5.3665,6.0985,5.9140,100,timed
ccf80617af17d98c352294ee869a9c2d,,,,6.3283,6.1163,6.7916,6.4414,100,timed
cd17cc7975a3b4f0b73facf850d79c18,,,,5.5702,5.0963,5.6615,5.5082,100,timed
cd26e0df01ed71630181ef4a14bec2a7,,,,4.4458,3.8576,4.5369,4.3215,100,timed
cd407f79ee6de966c8c3608ac60ea9b0,,,,5.9256,5.4351,6.0625,5.8785,100,timed
cd6fda3c27790363c35161cad7065037,,,,5.7430,5.1749,5.8663,5.5783,100,timed
cd977eada26c27f906700012e6b554df,,,,4.2478,3.7545,4.3215,4.1964,100,timed
cdafdf37ce85696704cb88943e97c552,,,,5.8984,5.2848,6.0089,5.8457,100,timed
cdbbc16cd07c19df63f60ad775930739,,,,4.9637,4.5204,5.0536,4.9415,100,timed
cdf42d3c39a6595331d0bc651928d3f9,,,,4.5315,3.9845,4.6891,4.4880,100,timed
ce28096baf1c8154739e6479262057e0,,,,5.3296,4.8312,5.4234,5.2810,100,timed
cec68c37e39cdef55c32fd2f562fc68b,,,,4.1984,4.1074,4.7346,4.3431,100,timed
ced73e7c7eb9feede7cbb95e3747a3f8,,,,6.0009,5.2781,6.1273,5.9327,100,timed
cef008d128c549094ea1700c25d812e1,,,,4.6100,3.9716,5.0571,4.6245,100,timed
cf2dd11279d40b8fc2d911059110952e,,,,5.9525,5.5111,6.0554,5.9329,100,timed
d00cb2ba1a0856ac5d8cd5ed7ecf5d31,,,,4.8673,4.3307,4.9701,4.7200,100,timed
d0a5ff67e269a1ac4f305c618a88ac85,,,,2.5555,2.5161,2.6138,2.5654,100,timed
d0f44e2dbf36429f1fe1ce50dc8eeed4,,,,5.6170,5.0538,5.8136,5.4926,100,timed
d1269d9156ddc027c40473008192958a,,,,1.2990,1.2765,1.4299,1.3163,100,timed
d1b9a359561814e89b273c953bb32bb1,,,,4.7917,4.1649,4.8741,4.7278,100,timed
d1c2fa68b28ca0d06453a5e10db81a1d,,,,4.2444,3.6712,4.3478,4.1229,100,timed
d25ac2430c53058c58710369d8881e6f,,,,4.9342,4.3554,4.9967,4.8548,100,timed
d25c9fed0f1c901c0521051a4febd1bf,,,,4.7305,4.1353,4.8053,4.6582,100,timed
d2a6d6bf9e5dc6b4f42877c8337be76a,,,,7.9170,7.2158,8.0082,7.8821,100,timed
d3243ccd0b1e6299d112fa92364f0bdd,,,,5.6310,5.1550,5.7488,5.5899,100,timed
d32a3166e1aa90f93ab547360688e7a7,,,,5.0069,4.4621,5.0742,4.9533,100,timed
d32d0b26d534203b48d866facd98cc3e,,,,2.8593,2.8236,2.8799,2.8672,100,timed
d374baff9a680e54af2e7e01a87f36f4,,,,5.5333,5.0713,5.8128,5.4924,100,timed
d3b16e5675d9f02ba3cb845067780dd7,,,,4.9543,4.4177,5.1581,5.0492,100,timed
d40c7bae09509dc04fa8ce0138f46900,,,,5.1775,4.7238,5.4499,5.1523,100,timed
d449e273799fddc0dc167f1c42b3497b,,,,4.5360,3.9585,4.6177,4.4363,100,timed
d4c2ba36cf7f5a18133886d4fb06f26a,,,,4.8707,4.2839,4.9410,4.8135,100,timed
d5d6397dc8e7a07441d565662a61bef3,,,,5.3691,4.7972,5.7115,5.3751,100,timed
d60b34a41e93a34223bbe48371ead7d3,,,,6.0858,5.4080,6.2001,5.8624,100,timed
d6117ac0727b027348bb056759b3315a,,,,4.5922,4.5263,4.7114,4.6210,100,timed
d64330dd1ea0541471bfa08f9d7ad009,,,,4.7863,4.1328,4.8476,4.6536,100,timed
d648a3844908aa19dc9385b9f4f790f4,,,,5.8864,5.8059,6.6060,6.0584,100,timed
d659906577ed785b207435980424f250,,,,4.9263,4.3903,4.9935,4.8449,100,timed
d6c124aba638334ac6cee7489841ffa2,,,,5.2940,4.6983,5.3693,5.2189,100,timed
d6f3d6ba803c8de082ac11bf70ac7b43,,,,4.6972,4.1317,4.7634,4.6283,100,timed
d727d54d6c752cf42f7aded2b2cc7b80,,,,5.8553,5.0264,6.2078,5.7855,100,timed
d739e62e8a2418339b967173f318a4df,,,,4.3615,3.7924,4.5450,4.3200,100,timed
d770fd35074cc3ef7dd76e1f96fd1946,,,,4.2537,3.8270,4.5800,4.2019,100,timed
d7bd21d7a9ef6ce35ad0ce05ebeb1829,,,,5.0052,4.4842,5.3064,4.9698,100,timed
d7e9e3c65e3b93c7114f34b6cbadd6e7,,,,5.4631,4.8417,5.5783,5.3546,100,timed
d8122813748cebcc0b7a8839f495e388,,,,4.5643,4.0467,4.8543,4.5543,100,timed
d8247320433d41c895e88548b5b4820c,,,,5.4267,4.8806,5.5190,5.4010,100,timed
d86ff6f4644cbcb23c4df79be36a890f,,,,5.8940,5.2443,6.0609,5.8326,100,timed
d8720cf71455c485e0681eec0efc0901,,,,5.7915,5.1709,5.9175,5.7478,100,timed
d8a2a0704d6936ae39e84438d52c384c,,,,4.5134,3.9205,4.5971,4.3666,100,timed
d8ebc601b5da07b82b1e0f29dbf4ffd5,,,,2.4382,2.3943,2.4782,2.4403,100,timed
d8f10eace4b69883d6652114c7d3431d,,,,6.4939,5.9604,6.6107,6.4539,100,timed
d90d77bd03a3eae63cb33212bc576b1c,,,,5.9583,5.4706,6.0281,5.9285,100,timed
d9461391e61ceeac5a11a12c9d9f6aac,,,,5.1128,4.3816,5.4164,5.0568,100,timed
d984ccdb72739e3717e3309f0aebf9c1,,,,7.4907,7.0193,7.5447,7.4252,100,timed
d98fc5a029389cee389e94c6f37b0503,,,,4.7656,4.2534,4.9015,4.6263,100,timed
d9a6295bbadec2b1101b82fcb37e49b8,,,,5.6364,5.5605,6.2189,5.7156,100,timed
d9b7c55d59734ccf8326b76d0c789e1d,,,,5.9835,5.4228,6.0706,5.9173,100,timed
d9f4c44e48ec5b137847dd1ab5cf999b,,,,5.1326,4.5571,5.3030,5.0365,100,timed
da189fa95f075497f9d4be190ebc86f8,,,,7.9272,7.2253,8.0405,7.7900,100,timed
da64b84922d9d2bbaf218f3c42eb69c8,,,,6.0261,5.2928,6.2266,5.9158,100,timed
da88316c603c5c0acac90a5ed06d7d9b,,,,4.1277,3.9638,5.0443,4.3761,100,timed
daa04c99428f1e8e209b044925bbe453,,,,6.6607,6.0263,6.7710,6.5918,100,timed
db34a957b2ff14cb155c0ea81bf4db87,,,,4.2697,3.6858,4.3448,4.1209,100,timed
dbbbf73630874fcf19e5882a333c8f83,,,,5.1119,4.7697,5.3761,5.0829,100,timed
dc0f4db6c382d06662b2bd2d1af3a207,,,,5.1149,4.5646,5.2357,5.0482,100,timed
dc21d50c0ea1d027fc487fbfbabbdf46,,,,4.5069,4.3962,5.1202,4.7062,100,timed
dcdc3948b943b4377e2b0baf50459f99,,,,6.9142,6.2611,6.9950,6.7893,100,timed
dd23734c1a919843f0268d96a0445e97,,,,4.9336,4.2607,5.3782,4.8861,100,timed
dda44a301f1c2030ee7e0f6923c0b9fa,,,,4.8839,4.3060,4.9494,4.7384,100,timed
ddf669ff1dbf4454922a524df32e27b4,,,,3.9907,3.9627,4.0547,3.9989,100,timed
de4e842d79b6e1fc0ed6e7ffd24ee52d,,,,6.3902,5.8800,6.4651,6.3442,100,timed
deba30fb74ccd63de350edf798e6d0cd,,,,3.0395,2.9982,3.1227,3.0693,100,timed
df19b7e9308a78486fa0b0374507f987,,,,5.0306,4.5079,5.2894,4.9344,100,timed
df564abc783e4942e2f9492cb8173572,,,,7.2752,6.6470,7.3893,7.1516,100,timed
e019e10875ae9981426e349e4c21f4b2,,,,31.9875,30.7098,33.3465,32.1252,100,timed
e023422e143010f04583a26cadcbd88c,,,,5.6653,5.0529,5.7628,5.5556,100,timed
e092d43820b08fe53aa2ba6e2395850a,,,,32.0649,30.6811,33.6331,32.1937,100,timed
e09c915a4a4798c2bb9bc2d2222887de,,,,2.4456,2.4011,2.6390,2.4702,100,timed
e0e95c85c9ece1eb0443ca4564a17337,,,,5.7937,5.2227,5.9798,5.7197,100,timed
e11345336a258038a60b4ee14b0b63ec,,,,5.0777,4.3684,5.4587,5.0207,100,timed
e1905b031520aca7bf8f052aebb222a2,,,,4.2528,4.2076,4.8441,4.3349,100,timed
e2317031edbcb3e2148b8cfb105e53a6,,,,5.8376,5.2041,5.9043,5.7236,100,timed
e2d787062ed9ea083cbc441ea26d1c55,,,,24.8929,24.0801,26.6389,25.0556,100,timed
e3616002befab7ab5bfc8b0519df98ce,,,,3.5924,3.4400,4.0921,3.7377,100,timed
e3988770800f3e8dc33afdccc9eaba48,,,,3.4832,3.2289,4.1245,3.6375,100,timed
e3ba772b6ebbd0820e63a275856d3a35,,,,4.4120,4.3237,4.4412,4.4064,100,timed
e41f9486ea310471ad4bce8933e67224,,,,9.4272,8.6701,9.9333,9.4148,100,timed
e4c6dbcf55cae25268c414a0bdc621ec,,,,2.0118,1.9576,2.1231,2.0348,100,timed
e56d77ed1d5634b48167397e5549248d,,,,12.6116,11.3989,13.0732,12.5204,100,timed
e583d8c73fe8193b263b96f91caf0097,,,,10.5421,9.4701,11.1799,10.4162,100,timed
e5a8038201ff317594fa62c45ecd2d05,,,,13.2731,12.3738,14.9432,13.6173,100,timed
e5cad1ddc356cbc04f10d332c725920a,,,,14.3082,13.2816,15.7013,14.4057,100,timed
e67378a54a25f33ee0ebd4758b268749,,,,15.0101,14.0677,18.7183,15.6367,100,timed
e6dd2e20b0e538e48ddbdd8d494dab30,,,,3.7486,3.3170,4.1961,3.7768,100,timed
e712e30e0a5c50fb6df76f10c96b8252,,,,10.9765,10.1964,11.3884,10.9554,100,timed
e74a9b5637bd5660b3e1538bf5a8348d,,,,19.6682,18.4986,21.9362,19.7447,100,timed
e773a7a186b03b0957d57fed0f4d014a,,,,1.7743,1.7301,1.8797,1.7917,100,timed
e7f31293566724324d3ccc875f097f01,,,,5.5475,5.1492,5.7805,5.5745,100,timed
e83661302ea89bc69e03d6ef3941449d,,,,7.9121,7.3179,8.1970,7.7974,100,timed
e87bdd0d8c14d7bb29f7943e86b94da2,,,,10.9381,9.9913,11.2514,10.9219,100,timed
e8a5ec87a4930851f02349c0cf821dcc,,,,23.4491,22.3919,25.0255,23.6229,100,timed
e8dcca075e681e84f571db2efc3ec40f,,,,10.2769,9.4468,10.7967,10.2326,100,timed
e8f745e783f883609a4aec032a322e82,,,,6.7896,5.9885,7.4362,6.8027,100,timed
e93033cedc8cb8fde8def99187fa9a90,,,,5.1980,4.4688,5.5248,5.1600,100,timed
e9cd98d393a4efa49904cd6b43ab9f50,,,,20.0613,18.9487,21.1155,20.1044,100,timed
ea4a1885508c0b236fe14f88d0773248,,,,24.1577,22.4042,27.0551,24.5704,100,timed
ea54a4d9ef124d726e7a084dbeee70d6,,,,12.8673,11.7957,14.2470,13.0067,100,timed
eacca41810928075c5520412678e1d6f,,,,11.5998,10.3408,12.4235,11.6233,100,timed
eae2760c635ecba5f24e74377fa3dc07,,,,6.2850,5.7581,6.6082,6.2623,100,timed
eaefd4d11cad9513a6bfbf675804983d,,,,7.4527,6.7694,7.8964,7.4820,100,timed
eb2e7682970067c40aa7af44d5e627ea,,,,12.3725,11.5640,13.4962,12.4406,100,timed
eb439b5f7d408c2d4f034fec0ad2d8e0,,,,9.4745,8.5843,10.0546,9.4677,100,timed
eb7e2ac6e1c5b3218d8ea1e9f8cc1b33,,,,6.8053,5.8056,7.4042,6.7854,100,timed
eb88cca91eb77beb19f50126349a8605,,,,9.8296,8.7275,11.4194,9.9054,100,timed
ebac81bdb8f5d131644eef19005ea271,,,,6.9943,6.1296,7.9875,6.9918,100,timed
ebace7e7ec5181756a89450508986151,,,,9.2817,8.5796,9.6027,9.2153,100,timed
ebae67dbca44bd8e9edbf269ddadd76a,,,,17.9160,12.6306,18.4339,17.8553,100,timed
ebc4564768c3236c93f2b21f02e0ddd3,,,,12.2649,11.5160,12.6462,12.2783,100,timed
ec63a326161d51fac57d66ea463d1b8e,,,,18.1375,16.8403,20.6230,18.2849,100,timed
ecc70329e3c8132ededb3e614c99459c,,,,12.0813,10.7449,13.4792,12.3182,100,timed
ece70dffadf532dc5849678b88a3a3fb,,,,13.2851,12.3406,13.8403,13.2468,100,timed
ecf18a19fed3f12b6f516182dca9710e,,,,6.5955,5.5908,6.7876,6.4347,100,timed
ed56282d8e234fa03130e028474f57f8,,,,5.0692,4.6065,5.3292,5.0449,100,timed
ed6b52901d9d5c6fb39e9f59833969ae,,,,6.3783,4.5836,6.6033,6.1862,100,timed
ed8fa06d9f0b0ad8f45c22916d6c61f7,,,,4.0766,3.6903,4.2217,4.0115,100,timed
ee28f560654617e3e995470c56839a77,,,,6.3364,5.6456,6.7586,6.2185,100,timed
ee2da367688cdf6ca0f971c50af1daec,,,,6.2291,5.5331,6.5550,6.2163,100,timed
ee7352572d1fe6d96f755c23ba85dce7,,,,12.5659,11.3018,14.3334,12.8752,100,timed
ee8008368a7c68c918635cc8bd6bef24,,,,7.5652,6.8275,8.5547,7.6606,100,timed
ee8de2d839492318ca5e2c8a9cdbfa4e,,,,18.4810,16.9828,19.2804,18.3998,100,timed
ef09f6a846e6c451db6a0ede9a229508,,,,7.1997,6.4506,7.5003,7.1819,100,timed
ef4e122586af81af81e59d7a5fe852b4,,,,13.9728,12.7373,15.8838,14.1595,100,timed
ef66ad59bfdc3b67ebf85282f0023bfc,,,,8.8915,7.8814,9.3554,8.8447,100,timed
ef694b3b1bae2ad0744428f50fbd3428,,,,19.4222,18.2047,21.5714,19.5277,100,timed
f0a9ffead5896eb67f55e754b787df34,,,,7.5816,6.5055,7.9019,7.3978,100,timed
f0c9d1e5015d7241fa317d8faaad89be,,,,11.3958,10.5004,11.8794,11.3332,100,timed
f1f3b13f2bd9902b17b99e2e5c3793cf,,,,6.5577,5.8941,6.9882,6.4985,100,timed
f214e14c0f4c5c4e0f4f063de6ce4f5b,,,,7.8755,7.2138,9.0019,7.9255,100,timed
f28ae524c59c34448f690570c75b8921,,,,11.0138,10.1094,11.4113,10.9438,100,timed
f29fd2bdc03f5a8989c71075d380ec32,,,,15.8400,14.4870,18.2331,16.2829,100,timed
f2a2bbded855904b3b1e60d599e3c2dc,,,,4.9968,4.4094,5.3322,4.9298,100,timed
f2bf6cacc836e8ff51766fcef9716a86,,,,4.3507,3.7682,4.6573,4.2370,100,timed
f2cc97433654486df6c963e51f4dfd6f,,,,14.7897,14.0511,16.5291,14.9271,100,timed
f2e929040a2e3997ef1cca09c24fcd63,,,,,,,,,error:Fail:[ONNXRuntimeError] : 1 : FAIL : Load model from npu_study\on
f30caa74b7fb37f137530a80d57497f3,,,,7.6623,6.9710,8.6314,7.7412,100,timed
f32ee2bedfcc64d4aab77d6cb2ab7d2f,,,,7.6268,6.5224,8.1300,7.5754,100,timed
f34e759058f459e13720e99458ba704a,,,,14.3659,13.4430,14.8987,14.3875,100,timed
f38b7aac62ef3b0c7660c515ec9a2e67,,,,6.2997,5.7825,6.8855,6.3148,100,timed
f38df1441545abd5a543b0e1ea1b9687,,,,9.0283,8.2349,9.3844,8.9239,100,timed
f3b6690740bd363db9f2ec37ed01bd12,,,,6.4066,5.5654,6.7004,6.2962,100,timed
f411a6c6997b344890a812d0018013e6,,,,19.6291,18.5099,21.3276,19.6974,100,timed
f499c2a70fcae3d1ea881fa45d07e2b4,,,,8.6217,7.7969,8.8797,8.5029,100,timed
f50f9ba3776d5711cfd291624b0b11cc,,,,4.9662,4.5700,5.1740,4.9578,100,timed
f5367826158a961af9d90baf1c87c2da,,,,25.3314,23.9789,26.0029,25.2713,100,timed
f5376f9b94d32a4bbc807b78e7b8d3cd,,,,4.2874,3.6595,4.9706,4.3935,100,timed
f54e2d5671f531b036009e919d5d46a9,,,,,,,,,error:Fail:[ONNXRuntimeError] : 1 : FAIL : Load model from npu_study\on
f559dba143654abdbcf9cbad9c1883f9,,,,10.4246,9.5426,10.8210,10.3529,100,timed
f575f11dc6418749f4a7fbe1ba85fd68,,,,10.9137,9.8715,12.4939,11.0214,100,timed
f5932686e6f76e752739a82c0195d88f,,,,8.8589,7.9083,9.3608,8.7998,100,timed
f5b9b79adb114a4a6944c0b46fa1aff0,,,,,,,,,error:RuntimeException:[ONNXRuntimeError] : 6 : RUNTIME_EXCEPTION : Non-zero status
f5d1ee732533b9317ae8820af664da43,,,,5.8616,4.9252,6.2896,5.7924,100,timed
f61401f2699068bc34583065c0f82d09,,,,,,,,,error:RuntimeException:[ONNXRuntimeError] : 6 : RUNTIME_EXCEPTION : Non-zero status
f627608694b88eeacc8253f51060b857,,,,5.1226,4.6106,5.4560,5.0185,100,timed
f65ccd24829156b6fc964b6588adae34,,,,10.7721,9.4207,12.1350,10.7617,100,timed
f68de672564ddefc30c9366e5aae1bfe,,,,26.7352,25.1625,27.6295,26.7350,100,timed
f695bddd6660304cb27b7cefffe9c3cb,,,,5.0315,4.5689,5.2468,5.0027,100,timed
f71bcc4ab92f2f353f6dd7e0bc386d70,,,,9.4237,8.6135,9.8587,9.3601,100,timed
f72dbf1a8be774259d5d37c90693a918,,,,37.6074,36.1128,41.6255,37.9334,100,timed
f79061c4679484779255ec78c54f0cab,,,,10.8408,10.0088,11.2258,10.8055,100,timed
f792a49cba6c47c50c1838c10e6d6a76,,,,6.7175,5.7689,7.1078,6.6854,100,timed
f835440e81485362082395859d0987de,,,,12.1048,10.3095,13.1261,12.0425,100,timed
f839042238079ef1639bed80fc7b6423,,,,,,,,,error:Fail:[ONNXRuntimeError] : 1 : FAIL : Load model from npu_study\on
f855024dab425fb633b79b99c14f6c6f,,,,7.2480,6.3928,8.1887,7.2804,100,timed
f87450c79234a89c0965595e47d65398,,,,,,,,,error:Fail:[ONNXRuntimeError] : 1 : FAIL : Load model from npu_study\on
f8d6fa2722e16ea30e77e7d272e78375,,,,,,,,,error:Fail:[ONNXRuntimeError] : 1 : FAIL : Load model from npu_study\on
f8e7dff2bc55b4f3b4d911787fa5ee06,,,,,,,,,error:Fail:[ONNXRuntimeError] : 1 : FAIL : Load model from npu_study\on
f923109a416feecf9bc5a6ae98cc3c69,,,,,,,,,error:Fail:[ONNXRuntimeError] : 1 : FAIL : Load model from npu_study\on
fa45f7c87cb218445e188cc2ea41e89c,,,,5.2874,4.7638,5.8356,5.3451,100,timed
fa9d6216024458ea636b391ba8d4d9a2,,,,4.8881,4.4192,5.1739,4.8452,100,timed
faa6da412ca93df4648fc5b4deb94913,,,,18.2592,17.0477,19.2636,18.2656,100,timed
faaf733e64d40eb34c34eed272e40d9b,,,,5.9026,5.0037,6.1635,5.7736,100,timed
fb4326b6d385f993f878531f82278fb0,,,,26.9156,24.8977,30.8716,27.4473,100,timed
fc015f1f7db46316a77c9158283d2816,,,,8.2250,7.3369,9.3416,8.3123,100,timed
fc0a8da602b989aa622f1f3428b34d23,,,,11.5560,10.4553,12.3002,11.6116,100,timed
fc0a95d2974d93a2e7b14ffa24579e3a,,,,16.1055,15.2609,16.6700,16.1372,100,timed
fc41ef9b2bce1764654dc9f0975f75da,,,,33.0425,31.4175,34.1325,33.0629,100,timed
fc42aef154235f2c6cc2b2a55df465b8,,,,,,,,,error:Fail:[ONNXRuntimeError] : 1 : FAIL : Load model from npu_study\on
fca3d3671f135e0347cd3688f3f34cad,,,,,,,,,error:Fail:[ONNXRuntimeError] : 1 : FAIL : Load model from npu_study\on
fcc1e77f36eb12f3fbecee43a084cd65,,,,,,,,,error:Fail:[ONNXRuntimeError] : 1 : FAIL : Load model from npu_study\on
fcd7b46541d43d41d7fb2eb45888a3bd,,,,,,,,,error:Fail:[ONNXRuntimeError] : 1 : FAIL : Load model from npu_study\on
fd19255f3c4904f64809069de5230d6b,,,,23.7774,22.8320,24.7457,23.8296,100,timed
fd663009d1b174af92226267eb251e82,,,,8.8994,8.0496,10.2534,9.0298,100,timed
fd83b620cd62fa6e920ad14214ae9dc8,,,,24.8258,23.5052,26.7216,24.9856,100,timed
feab8d2a5346b73b648752a2f8a3afb4,,,,10.4064,9.4572,11.7995,10.4977,100,timed
febdd80a25f81f4500840977962e6091,,,,9.8145,8.8691,11.3908,9.9018,100,timed
fec1892b1361b3b2a5b9e5275c65e15b,,,,11.9711,11.1520,12.3851,11.9365,100,timed
feed1719cca17d0201582220097bc1fc,,,,9.4712,8.7191,9.8069,9.4424,100,timed
ff72892816559bc53a6b78f94dc61381,,,,14.5522,13.4281,14.9533,14.4325,100,timed
ff77f2263d52b6f331a9aa3566825d0e,,,,27.0362,25.7381,30.5955,27.3807,100,timed
